"time","der(h)","der(v)","e","g","h","v","v_new"
0.0,0.0,-9.81,0.7,9.81,1.0,0.0,0.0
0.002,-0.01962,-9.81,0.7,9.81,0.99998,-0.01962,0
0.004,-0.03924,-9.81,0.7,6.35294e-315,0.999922,-0.03924,0
0.006,-0.05886,-9.81,0.9,6.35293e-315,0.999823,-0.05886,0
0.008,-0.07848,-9.81,1,6.35294e-315,0.999686,-0.07848,0
0.01,-0.0981,-9.81,5.29819e-315,4.45028e-308,0.999509,-0.0981,0
0.012,-0.11772,-9.81,-3.81851e-270,-3.7954e-270,0.999294,-0.11772,0
0.014,-0.13734,-9.81,5.30257e-315,1.2732e-313,0.999039,-0.13734,0
0.016,-0.15696,-9.81,1.47533e-315,1,0.998744,-0.15696,0
0.018,-0.17658,-9.81,5.97597e-315,5.97184e-315,0.998411,-0.17658,0
0.02,-0.1962,-9.81,0,3.39519e-313,0.998038,-0.1962,0
0.022,-0.21582,-9.81,5.96029e-315,0.5,0.997626,-0.21582,0
0.024,-0.23544,-9.81,5.30257e-315,8.50496e-315,0.997175,-0.23544,0
0.026,-0.25506,-9.81,0,0,0.996684,-0.25506,0
0.028,-0.27468,-9.81,1,2,0.996154,-0.27468,0
0.03,-0.2943,-9.81,5.09279e-313,1.08222e-312,0.995585,-0.2943,0
0.032,-0.31392,-9.81,-3.81904e-270,-3.79633e-270,0.994977,-0.31392,0
0.034,-0.33354,-9.81,6.33811e-315,5.95013e-315,0.99433,-0.33354,0
0.036,-0.35316,-9.81,5.97595e-315,6.36599e-314,0.993643,-0.35316,0
0.038,-0.37278,-9.81,2.122e-314,4.94066e-324,0.992917,-0.37278,0
0.04,-0.3924,-9.81,3.39519e-313,4.94066e-324,0.992152,-0.3924,0
0.042,-0.41202,-9.81,2.97463e-315,20,0.991348,-0.41202,0
0.044,-0.43164,-9.81,5.94754e-315,9.88131e-324,0.990504,-0.43164,0
0.046,-0.45126,-9.81,0,6.33813e-315,0.989621,-0.45126,0
0.048,-0.47088,-9.81,0,6.37127e-315,0.988699,-0.47088,0
0.05,-0.4905,-9.81,0,6.36599e-313,0.987737,-0.4905,0
0.052,-0.51012,-9.81,-3.82015e-270,-1.29213e-231,0.986737,-0.51012,0
0.054,-0.52974,-9.81,2.122e-314,2.97445e-315,0.985697,-0.52974,0
0.056,-0.54936,-9.81,1,8.09624e-315,0.984618,-0.54936,0
0.058,-0.56898,-9.81,5.97184e-315,6.22291e-315,0.9835,-0.56898,0
0.06,-0.5886,-9.81,3.39519e-313,5.3241e-315,0.982342,-0.5886,0
0.062,-0.60822,-9.81,3.16202e-322,6.37135e-315,0.981145,-0.60822,0
0.064,-0.62784,-9.81,8.50496e-315,7.90505e-321,0.979909,-0.62784,0
0.066,-0.64746,-9.81,0,6.35043e-315,0.978634,-0.64746,0
0.068,-0.66708,-9.81,2,6.35043e-315,0.977319,-0.66708,0
0.07,-0.6867,-9.81,5.29834e-315,5.92878e-315,0.975965,-0.6867,0
0.072,-0.70632,-9.81,-1.30018e-231,-1.29238e-231,0.974572,-0.70632,0
0.074,-0.72594,-9.81,2.97445e-315,2.97445e-315,0.97314,-0.72594,0
0.076,-0.74556,-9.81,2.93162e-314,1,0.971669,-0.74556,0
0.078,-0.76518,-9.81,5.94754e-315,6.36595e-315,0.970158,-0.76518,0
0.08,-0.7848,-9.81,5.30258e-315,5.3241e-315,0.968608,-0.7848,0
0.082,-0.80442,-9.81,5.97598e-315,6.37131e-315,0.967019,-0.80442,0
0.084,-0.82404,-9.81,2.122e-314,7.90505e-321,0.96539,-0.82404,0
0.086,-0.84366,-9.81,5.30258e-315,6.22454e-315,0.963723,-0.84366,0
0.088,-0.86328,-9.81,5.08964e-315,5.3241e-315,0.962016,-0.86328,0
0.09,-0.8829,-9.81,5.95595e-315,1.39071e-307,0.960269,-0.8829,0
0.092,-0.90252,-9.81,-3.82193e-270,-1.29267e-231,0.958484,-0.90252,0
0.094,-0.92214,-9.81,5.30256e-315,2.122e-314,0.956659,-0.92214,0
0.096,-0.94176,-9.81,6.338e-315,6.37131e-315,0.954796,-0.94176,0
0.098,-0.96138,-9.81,4.15074e-317,0,0.952892,-0.96138,0
0.1,-0.981,-9.81,0,1.47397e-315,0.95095,-0.981,0
0.102,-1.00062,-9.81,5.30257e-315,0.5,0.948968,-1.00062,0
0.104,-1.02024,-9.81,5.30257e-315,0,0.946948,-1.02024,0
0.106,-1.03986,-9.81,0,6.33811e-315,0.944887,-1.03986,0
0.108,-1.05948,-9.81,4.17271e-309,2,0.942788,-1.05948,0
0.11,-1.0791,-9.81,1.24607e-306,5.91805e-315,0.940649,-1.0791,0
0.112,-1.09872,-9.81,-3.82274e-270,-1.29299e-231,0.938472,-1.09872,0
0.114,-1.11834,-9.81,2.122e-314,2.97445e-315,0.936255,-1.11834,0
0.116,-1.13796,-9.81,1,7.17561e-314,0.933998,-1.13796,0
0.118,-1.15758,-9.81,5.97183e-315,6.22291e-315,0.931703,-1.15758,0
0.12,-1.1772,-9.81,3.39519e-313,5.3241e-315,0.929368,-1.1772,0
0.122,-1.19682,-9.81,2.78149e-307,6.37132e-315,0.926994,-1.19682,0
0.124,-1.21644,-9.81,8.50496e-315,7.90505e-321,0.924581,-1.21644,0
0.126,-1.23606,-9.81,0,6.2242e-315,0.922128,-1.23606,0
0.128,-1.25568,-9.81,2,5.32411e-315,0.919636,-1.25568,0
0.13,-1.2753,-9.81,1.78019e-306,5.91691e-315,0.917105,-1.2753,0
0.132,-1.29492,-9.81,-3.82382e-270,-8.90611e-311,0.914535,-1.29492,0
0.134,-1.31454,-9.81,2.122e-314,6.95194e-310,0.911926,-1.31454,0
0.136,-1.33416,-9.81,1,6.95194e-310,0.909277,-1.33416,0
0.138,-1.35378,-9.81,5.97184e-315,6.95194e-310,0.906589,-1.35378,0
0.14,-1.3734,-9.81,4.94066e-324,2.122e-314,0.903862,-1.3734,0
0.142,-1.39302,-9.81,3.16202e-322,0,0.901096,-1.39302,0
0.144,-1.41264,-9.81,8.50496e-315,0,0.89829,-1.41264,0
0.146,-1.43226,-9.81,0,3.16202e-322,0.895445,-1.43226,0
0.148,-1.45188,-9.81,2,8.09526e-300,0.892561,-1.45188,0
0.15,-1.4715,-9.81,4.24399e-314,0,0.889637,-1.4715,0
0.152,-1.49112,-9.81,-1.30144e-231,-9.45146e-311,0.886675,-1.49112,0
0.154,-1.51074,-9.81,6.36599e-314,6.95194e-310,0.883673,-1.51074,0
0.156,-1.53036,-9.81,9.88131e-323,6.95194e-310,0.880632,-1.53036,0
0.158,-1.54998,-9.81,1.18576e-322,6.95194e-310,0.877552,-1.54998,0
0.16,-1.5696,-9.81,7.21512e-313,0,0.874432,-1.5696,0
0.162,-1.58922,-9.81,8.70056e-313,0,0.871273,-1.58922,0
0.164,-1.60884,-9.81,0,6.37135e-315,0.868075,-1.60884,0
0.166,-1.62846,-9.81,2.97477e-315,0,0.864838,-1.62846,0
0.168,-1.64808,-9.81,1.18832e-312,0,0.861561,-1.64808,0
0.17,-1.6677,-9.81,5.29833e-315,3.45487e-313,0.858245,-1.6677,0
0.172,-1.68732,-9.81,-3.8259e-270,-3.80282e-270,0.85489,-1.68732,0
0.174,-1.70694,-9.81,5.95013e-315,5.95013e-315,0.851496,-1.70694,0
0.176,-1.72656,-9.81,0,0,0.848063,-1.72656,0
0.178,-1.74618,-9.81,0,0,0.84459,-1.74618,0
0.18,-1.7658,-9.81,4.94066e-324,3.39519e-313,0.841078,-1.7658,0
0.182,-1.78542,-9.81,30,30,0.837527,-1.78542,0
0.184,-1.80504,-9.81,9.88131e-324,9.88131e-324,0.833936,-1.80504,0
0.186,-1.82466,-9.81,6.33812e-315,6.33814e-315,0.830307,-1.82466,0
0.188,-1.84428,-9.81,5.97599e-315,6.37131e-315,0.826638,-1.84428,0
0.19,-1.8639,-9.81,2.3342e-313,2.3342e-313,0.822929,-1.8639,0
0.192,-1.88352,-9.81,-1.30207e-231,-1.29428e-231,0.819182,-1.88352,0
0.194,-1.90314,-9.81,1.6976e-313,5.69447e-317,0.815395,-1.90314,0
0.196,-1.92276,-9.81,1.4854e-313,5.97623e-315,0.81157,-1.92276,0
0.198,-1.94238,-9.81,1.18576e-322,5.6947e-317,0.807704,-1.94238,0
0.2,-1.962,-9.81,1.60219e-306,6.36573e-315,0.8038,-1.962,0
0.202,-1.98162,-9.81,5.00659e-308,0,0.799856,-1.98162,0
0.204,-2.00124,-9.81,1.95819e-306,5.97624e-315,0.795874,-2.00124,0
0.206,-2.02086,-9.81,3.22656e-307,6.22292e-315,0.791851,-2.02086,0
0.208,-2.04048,-9.81,2.14325e-312,5.3241e-315,0.78779,-2.04048,0
0.21,-2.0601,-9.81,5.29833e-315,1.08223e-312,0.783689,-2.0601,0
0.212,-2.07972,-9.81,-1.30253e-231,-1.29456e-231,0.77955,-2.07972,0
0.214,-2.09934,-9.81,6.36599e-314,2.97445e-315,0.775371,-2.09934,0
0.216,-2.11896,-9.81,6.95187e-310,1,0.771152,-2.11896,0
0.218,-2.13858,-9.81,1.18576e-322,6.22292e-315,0.766895,-2.13858,0
0.22,-2.1582,-9.81,7.21517e-313,5.3241e-315,0.762598,-2.1582,0
0.222,-2.17782,-9.81,1.27946e-307,6.37133e-315,0.758262,-2.17782,0
0.224,-2.19744,-9.81,1.44634e-307,7.90505e-321,0.753887,-2.19744,0
0.226,-2.21706,-9.81,9.45706e-308,6.35045e-315,0.749472,-2.21706,0
0.228,-2.23668,-9.81,8.09525e-300,6.2242e-315,0.745018,-2.23668,0
0.23,-2.2563,-9.81,0,5.9169e-315,0.740525,-2.2563,0
0.232,-2.27592,-9.81,-1.3027e-231,-3.80539e-270,0.735993,-2.27592,0
0.234,-2.29554,-9.81,2.97445e-315,5.3241e-315,0.731422,-2.29554,0
0.236,-2.31516,-9.81,8.09624e-315,6.338e-315,0.726811,-2.31516,0
0.238,-2.33478,-9.81,5.94756e-315,4.15074e-317,0.722161,-2.33478,0
0.24,-2.3544,-9.81,5.30258e-315,0,0.717472,-2.3544,0
0.242,-2.37402,-9.81,5.97601e-315,5.3241e-315,0.712744,-2.37402,0
0.244,-2.39364,-9.81,7.90505e-321,5.11101e-315,0.707976,-2.39364,0
0.246,-2.41326,-9.81,5.96029e-315,0,0.703169,-2.41326,0
0.248,-2.43288,-9.81,5.30257e-315,5.56338e-309,0.698323,-2.43288,0
0.25,-2.4525,-9.81,5.29834e-315,3.45487e-313,0.693437,-2.4525,0
0.252,-2.47212,-9.81,-1.30313e-231,-1.29519e-231,0.688513,-2.47212,0
0.254,-2.49174,-9.81,1.6976e-313,2.97445e-315,0.683549,-2.49174,0
0.256,-2.51136,-9.81,1.4854e-313,7.17561e-314,0.678546,-2.51136,0
0.258,-2.53098,-9.81,1.18576e-322,6.36595e-315,0.673504,-2.53098,0
0.26,-2.5506,-9.81,1.60219e-306,5.3241e-315,0.668422,-2.5506,0
0.262,-2.57022,-9.81,5.00659e-308,6.3713e-315,0.663301,-2.57022,0
0.264,-2.58984,-9.81,5.29819e-315,7.90505e-321,0.658141,-2.58984,0
0.266,-2.60946,-9.81,5.29834e-315,5.32409e-315,0.652942,-2.60946,0
0.268,-2.62908,-9.81,5.29835e-315,5.3241e-315,0.647703,-2.62908,0
0.27,-2.6487,-9.81,5.29833e-315,4.45028e-308,0.642425,-2.6487,0
0.272,-2.66832,-9.81,-2.60752e-310,-1.2956e-231,0.637108,-2.66832,0
0.274,-2.68794,-9.81,1.061e-313,2.97445e-315,0.631752,-2.68794,0
0.276,-2.70756,-9.81,9.88131e-323,1,0.626357,-2.70756,0
0.278,-2.72718,-9.81,1.18576e-322,6.36595e-315,0.620922,-2.72718,0
0.28,-2.7468,-9.81,8.9007e-308,5.3241e-315,0.615448,-2.7468,0
0.282,-2.76642,-9.81,2.47033e-322,6.37131e-315,0.609935,-2.76642,0
0.284,-2.78604,-9.81,1.44634e-307,7.90505e-321,0.604382,-2.78604,0
0.286,-2.80566,-9.81,1.22384e-307,5.3241e-315,0.598791,-2.80566,0
0.288,-2.82528,-9.81,8.09525e-300,5.29818e-315,0.59316,-2.82528,0
0.29,-2.8449,-9.81,0,1.37961e-306,0.587489,-2.8449,0
0.292,-2.86452,-9.81,-1.30376e-231,-1.29582e-231,0.58178,-2.86452,0
0.294,-2.88414,-9.81,2.97445e-315,2.97445e-315,0.576031,-2.88414,0
0.296,-2.90376,-9.81,1,-0.00577394,0.570244,-2.90376,0
0.298,-2.92338,-9.81,5.94754e-315,6.36595e-315,0.564416,-2.92338,0
0.3,-2.943,-9.81,5.30258e-315,5.3241e-315,0.55855,-2.943,0
0.302,-2.96262,-9.81,5.97597e-315,6.37132e-315,0.552644,-2.96262,0
0.304,-2.98224,-9.81,1.39072e-307,0.360684,0.5467,-2.98224,0
0.306,-3.00186,-9.81,5.30257e-315,5.3241e-315,0.540715,-3.00186,0
0.308,-3.02148,-9.81,5.30258e-315,5.96029e-315,0.534692,-3.02148,0
0.31,-3.0411,-9.81,0,5.91691e-315,0.528629,-3.0411,0
0.312,-3.06072,-9.81,5.91694e-315,-1.2961e-231,0.522528,-3.06072,0
0.314,-3.08034,-9.81,8.49455e-315,1.2732e-313,0.516387,-3.08034,0
0.316,-3.09996,-9.81,1.78022e-306,6.37131e-315,0.510206,-3.09996,0
0.318,-3.11958,-9.81,8.45599e-307,-9,0.503987,-3.11958,0
0.32,-3.1392,-9.81,1.11953e-190,1.47397e-315,0.497728,-3.1392,0
0.322,-3.15882,-9.81,208.503,-7,0.49143,-3.15882,0
0.324,-3.17844,-9.81,5.02913e-312,0,0.485093,-3.17844,0
0.326,-3.19806,-9.81,5.02913e-312,6.33812e-315,0.478716,-3.19806,0
0.328,-3.21768,-9.81,0,-3,0.4723,-3.21768,0
0.33,-3.2373,-9.81,5.91963e-315,1.08222e-312,0.465845,-3.2373,0
0.332,-3.25692,-9.81,2.122e-314,-3.81018e-270,0.459351,-3.25692,0
0.334,-3.27654,-9.81,4.94066e-324,5.3241e-315,0.452818,-3.27654,0
0.336,-3.29616,-9.81,0,6.338e-315,0.446245,-3.29616,0
0.338,-3.31578,-9.81,0,4.15074e-317,0.439633,-3.31578,0
0.34,-3.3354,-9.81,6.09649e-311,0,0.432982,-3.3354,0
0.342,-3.35502,-9.81,0,5.3241e-315,0.426292,-3.35502,0
0.344,-3.37464,-9.81,0,5.3241e-315,0.419562,-3.37464,0
0.346,-3.39426,-9.81,0,0,0.412793,-3.39426,0
0.348,-3.41388,-9.81,4.5538e-311,4.17271e-309,0.405985,-3.41388,0
0.35,-3.4335,-9.81,4.5538e-311,1.69121e-306,0.399137,-3.4335,0
0.352,-3.45312,-9.81,0,-1.4905e-310,0.392251,-3.45312,0
0.354,-3.47274,-9.81,0,6.95194e-310,0.385325,-3.47274,0
0.356,-3.49236,-9.81,0,6.95194e-310,0.37836,-3.49236,0
0.358,-3.51198,-9.81,0,6.95194e-310,0.371356,-3.51198,0
0.36,-3.5316,-9.81,0,2.122e-314,0.364312,-3.5316,0
0.362,-3.55122,-9.81,0,0,0.357229,-3.55122,0
0.364,-3.57084,-9.81,0,0,0.350107,-3.57084,0
0.366,-3.59046,-9.81,0,0,0.342946,-3.59046,0
0.368,-3.61008,-9.81,0,0,0.335745,-3.61008,0
0.37,-3.6297,-9.81,0,0,0.328505,-3.6297,0
0.372,-3.64932,-9.81,0,-1.29708e-231,0.321226,-3.64932,0
0.374,-3.66894,-9.81,2.122e-314,5.69885e-317,0.313908,-3.66894,0
0.376,-3.68856,-9.81,1.61632e-310,0,0.306551,-3.68856,0
0.378,-3.70818,-9.81,1.61632e-310,9.81,0.299154,-3.70818,0
0.38,-3.7278,-9.81,3.23265e-310,1,0.291718,-3.7278,0
0.382,-3.74742,-9.81,2.122e-314,0,0.284243,-3.74742,0
0.384,-3.76704,-9.81,4.5538e-311,5.32411e-315,0.276728,-3.76704,0
0.386,-3.78666,-9.81,1.41994e-320,5.3241e-315,0.269175,-3.78666,0
0.388,-3.80628,-9.81,0,9.88131e-324,0.261582,-3.80628,0
0.39,-3.8259,-9.81,0,9.45697e-308,0.253949,-3.8259,0
0.392,-3.84552,-9.81,0,-3.81274e-270,0.246278,-3.84552,0
0.394,-3.86514,-9.81,0,2.122e-314,0.238567,-3.86514,0
0.396,-3.88476,-9.81,0,1,0.230818,-3.88476,0
0.398,-3.90438,-9.81,0,5.97186e-315,0.223028,-3.90438,0
0.4,-3.924,-9.81,0,3.39519e-313,0.2152,-3.924,0
0.402,-3.94362,-9.81,0,3.16202e-322,0.207332,-3.94362,0
0.404,-3.96324,-9.81,0,8.50496e-315,0.199426,-3.96324,0
0.406,-3.98286,-9.81,0,0,0.191479,-3.98286,0
0.408,-4.00248,-9.81,0,2,0.183494,-4.00248,0
0.41,-4.0221,-9.81,0,6.2242e-315,0.175469,-4.0221,0
0.412,-4.04172,-9.81,0,-1.63649e-310,0.167406,-4.04172,0
0.414,-4.06134,-9.81,0,6.95194e-310,0.159303,-4.06134,0
0.416,-4.08096,-9.81,0,6.95194e-310,0.15116,-4.08096,0
0.418,-4.10058,-9.81,0,6.95194e-310,0.142979,-4.10058,0
0.42,-4.1202,-9.81,2.122e-314,2.122e-314,0.134758,-4.1202,0
0.422,-4.13982,-9.81,0,0,0.126498,-4.13982,0
0.424,-4.15944,-9.81,0,0,0.118199,-4.15944,0
0.426,-4.17906,-9.81,0,4.94066e-324,0.10986,-4.17906,0
0.428,-4.19868,-9.81,2.122e-314,0,0.101482,-4.19868,0
0.43,-4.2183,-9.81,0,0,0.0930655,-4.2183,0
0.432,-4.23792,-9.81,0,-3.81463e-270,0.0846093,-4.23792,0
0.434,-4.25754,-9.81,1.93972e-310,2.122e-314,0.0761138,-4.25754,0
0.436,-4.27716,-9.81,1.61632e-310,1,0.0675791,-4.27716,0
0.438,-4.29678,-9.81,6.36599e-314,5.97183e-315,0.0590052,-4.29678,0
0.44,-4.3164,-9.81,1.17094e-321,4.94066e-324,0.050392,-4.3164,0
0.442,-4.33602,-9.81,1.2732e-313,3.16202e-322,0.0417396,-4.33602,0
0.444,-4.35564,-9.81,0,8.50496e-315,0.0330479,-4.35564,0
0.446,-4.37526,-9.81,0,0,0.024317,-4.37526,0
0.448,-4.39488,-9.81,0,2,0.0155469,-4.39488,0
0.45,-4.4145,-9.81,0,9.88131e-324,0.0067375,-4.4145,0
0.451524,-4.42945,-9.81,0,-1.29844e-231,-1.00042e-10,-4.42945,0
0.451524,3.10061,-9.81,4.94066e-324,5.69885e-317,-1.00042e-10,3.10061,3.10061
0.451524,3.10061,-9.81,0,0,1.00002e-10,3.10061,3.10061
0.451524,3.10061,-9.81,0,-4.42945,1.00002e-10,3.10061,3.10061
0.452,3.09594,-9.81,0,1,0.00147589,3.09594,3.10061
0.454,3.07632,-9.81,0,7.53006,0.00764815,3.07632,3.10061
0.456,3.0567,-9.81,0,5.957e-315,0.0137812,3.0567,3.10061
0.458,3.03708,-9.81,0,6.35377e-315,0.019875,3.03708,3.10061
0.46,3.01746,-9.81,0,2.49997e-321,0.0259295,3.01746,3.10061
0.462,2.99784,-9.81,0,5.91691e-315,0.0319448,2.99784,3.10061
0.464,2.97822,-9.81,1.93972e-310,-1.29865e-231,0.0379208,2.97822,3.10061
0.466,2.9586,-9.81,1.61632e-310,2.97445e-315,0.0438577,2.9586,3.10061
0.468,2.93898,-9.81,6.36599e-314,8.09624e-315,0.0497552,2.93898,3.10061
0.47,2.91936,-9.81,1.17094e-321,6.22291e-315,0.0556136,2.91936,3.10061
0.472,2.89974,-9.81,1.2732e-313,5.32411e-315,0.0614327,2.89974,3.10061
0.474,2.88012,-9.81,0,6.37132e-315,0.0672125,2.88012,3.10061
0.476,2.8605,-9.81,0,7.90505e-321,0.0729532,2.8605,3.10061
0.478,2.84088,-9.81,0,5.32411e-315,0.0786545,2.84088,3.10061
0.48,2.82126,-9.81,0,5.32409e-315,0.0843167,2.82126,3.10061
0.482,2.80164,-9.81,0,5.91689e-315,0.0899396,2.80164,3.10061
0.484,2.78202,-9.81,4.94066e-324,-1.29905e-231,0.0955232,2.78202,3.10061
0.486,2.7624,-9.81,0,2.97445e-315,0.101068,2.7624,3.10061
0.488,2.74278,-9.81,0,7.17561e-314,0.106573,2.74278,3.10061
0.49,2.72316,-9.81,0,6.22292e-315,0.112039,2.72316,3.10061
0.492,2.70354,-9.81,0,5.32411e-315,0.117465,2.70354,3.10061
0.494,2.68392,-9.81,0,6.37131e-315,0.122853,2.68392,3.10061
0.496,2.6643,-9.81,0,7.90505e-321,0.128201,2.6643,3.10061
0.498,2.64468,-9.81,0,5.3241e-315,0.13351,2.64468,3.10061
0.5,2.62506,-9.81,0,5.32411e-315,0.13878,2.62506,3.10061
0.502,2.60544,-9.81,4.94066e-324,5.91691e-315,0.14401,2.60544,3.10061
0.504,2.58582,-9.81,5.28609e-315,-1.2993e-231,0.149202,2.58582,3.10061
0.506,2.5662,-9.81,5.28609e-315,2.122e-314,0.154354,2.5662,3.10061
0.508,2.54658,-9.81,6.12641e-322,0,0.159466,2.54658,3.10061
0.51,2.52696,-9.81,5.31399e-315,0,0.16454,2.52696,3.10061
0.512,2.50734,-9.81,5.92682e-315,6.36594e-315,0.169574,2.50734,3.10061
0.514,2.48772,-9.81,4.24399e-314,5.3241e-315,0.174569,2.48772,3.10061
0.516,2.4681,-9.81,1.07222e+20,2.97379e-315,0.179525,2.4681,3.10061
0.518,2.44848,-9.81,4.60601e+26,6.36599e-314,0.184442,2.44848,3.10061
0.52,2.42886,-9.81,4.94066e-324,2,0.189319,2.42886,3.10061
0.522,2.40924,-9.81,0,1.44638e-307,0.194157,2.40924,3.10061
0.524,2.38962,-9.81,0,-1.29964e-231,0.198956,2.38962,3.10061
0.526,2.37,-9.81,0,4.24399e-314,0.203716,2.37,3.10061
0.528,2.35038,-9.81,0,1.2732e-313,0.208436,2.35038,3.10061
0.53,2.33076,-9.81,0,1.18576e-322,0.213117,2.33076,3.10061
0.532,2.31114,-9.81,4.94066e-324,0,0.217759,2.31114,3.10061
0.534,2.29152,-9.81,0,1,0.222362,2.29152,3.10061
0.536,2.2719,-9.81,4.94066e-324,-3,0.226925,2.2719,3.10061
0.538,2.25228,-9.81,0,-1,0.231449,2.25228,3.10061
0.54,2.23266,-9.81,0,1,0.235934,2.23266,3.10061
0.542,2.21304,-9.81,0,5.00662e-308,0.24038,2.21304,3.10061
0.544,2.19342,-9.81,0,-1.29991e-231,0.244786,2.19342,3.10061
0.546,2.1738,-9.81,0,5.69447e-317,0.249154,2.1738,3.10061
0.548,2.15418,-9.81,0,5.97619e-315,0.253482,2.15418,3.10061
0.55,2.13456,-9.81,0,5.6947e-317,0.25777,2.13456,3.10061
0.552,2.11494,-9.81,0,6.36573e-315,0.26202,2.11494,3.10061
0.554,2.09532,-9.81,0,0,0.26623,2.09532,3.10061
0.556,2.0757,-9.81,0,5.97619e-315,0.270401,2.0757,3.10061
0.558,2.05608,-9.81,0,6.22291e-315,0.274533,2.05608,3.10061
0.56,2.03646,-9.81,0,5.11101e-315,0.278625,2.03646,3.10061
0.562,2.01684,-9.81,0,5.91691e-315,0.282679,2.01684,3.10061
0.564,1.99722,-9.81,0,-3.82129e-270,0.286693,1.99722,3.10061
0.566,1.9776,-9.81,0,5.32409e-315,0.290668,1.9776,3.10061
0.568,1.95798,-9.81,0,1.47533e-315,0.294603,1.95798,3.10061
0.57,1.93836,-9.81,0,6.3713e-315,0.2985,1.93836,3.10061
0.572,1.91874,-9.81,0,0,0.302357,1.91874,3.10061
0.574,1.89912,-9.81,0,5.30257e-315,0.306175,1.89912,3.10061
0.576,1.8795,-9.81,0,5.3241e-315,0.309953,1.8795,3.10061
0.578,1.85988,-9.81,0,0,0.313693,1.85988,3.10061
0.58,1.84026,-9.81,0,1,0.317393,1.84026,3.10061
0.582,1.82064,-9.81,0,4.45039e-308,0.321054,1.82064,3.10061
0.584,1.80102,-9.81,0,-1.30064e-231,0.324675,1.80102,3.10061
0.586,1.7814,-9.81,0,5.69885e-317,0.328258,1.7814,3.10061
0.588,1.76178,-9.81,0,0,0.331801,1.76178,3.10061
0.59,1.74216,-9.81,0,-1.00042e-10,0.335305,1.74216,3.10061
0.592,1.72254,-9.81,0,1,0.338769,1.72254,3.10061
0.594,1.70292,-9.81,0,1,0.342195,1.70292,3.10061
0.596,1.6833,-9.81,0,6.35379e-315,0.345581,1.6833,3.10061
0.598,1.66368,-9.81,0,6.35885e-315,0.348928,1.66368,3.10061
0.6,1.64406,-9.81,0,2.49997e-321,0.352236,1.64406,3.10061
0.602,1.62444,-9.81,0,5.91805e-315,0.355504,1.62444,3.10061
0.604,1.60482,-9.81,0,-3.8231e-270,0.358734,1.60482,3.10061
0.606,1.5852,-9.81,0,1.2732e-313,0.361924,1.5852,3.10061
0.608,1.56558,-9.81,0,1,0.365074,1.56558,3.10061
0.61,1.54596,-9.81,0,5.97186e-315,0.368186,1.54596,3.10061
0.612,1.52634,-9.81,0,3.39519e-313,0.371258,1.52634,3.10061
0.614,1.50672,-9.81,0,-7,0.374291,1.50672,3.10061
0.616,1.4871,-9.81,0,8.50496e-315,0.377285,1.4871,3.10061
0.618,1.46748,-9.81,0,0,0.38024,1.46748,3.10061
0.62,1.44786,-9.81,0,2,0.383155,1.44786,3.10061
0.622,1.42824,-9.81,0,6.22391e-315,0.386031,1.42824,3.10061
0.624,1.40862,-9.81,0,-2.25208e-310,0.388868,1.40862,3.10061
0.626,1.389,-9.81,0,6.95194e-310,0.391666,1.389,3.10061
0.628,1.36938,-9.81,0,6.95194e-310,0.394424,1.36938,3.10061
0.63,1.34976,-9.81,0,6.95194e-310,0.397143,1.34976,3.10061
0.632,1.33014,-9.81,0,2.122e-314,0.399823,1.33014,3.10061
0.634,1.31052,-9.81,0,0,0.402464,1.31052,3.10061
0.636,1.2909,-9.81,0,0,0.405065,1.2909,3.10061
0.638,1.27128,-9.81,0,3.16202e-322,0.407627,1.27128,3.10061
0.64,1.25166,-9.81,0,8.09526e-300,0.41015,1.25166,3.10061
0.642,1.23204,-9.81,0,0,0.412634,1.23204,3.10061
0.644,1.21242,-9.81,0,-3.82498e-270,0.415078,1.21242,3.10061
0.646,1.1928,-9.81,0,1.2732e-313,0.417484,1.1928,3.10061
0.648,1.17318,-9.81,0,1,0.41985,1.17318,3.10061
0.65,1.15356,-9.81,0,5.97186e-315,0.422176,1.15356,3.10061
0.652,1.13394,-9.81,0,4.94066e-324,0.424464,1.13394,3.10061
0.654,1.11432,-9.81,0,0.5,0.426712,1.11432,3.10061
0.656,1.0947,-9.81,0,8.50496e-315,0.428921,1.0947,3.10061
0.658,1.07508,-9.81,0,0,0.431091,1.07508,3.10061
0.66,1.05546,-9.81,0,2,0.433221,1.05546,3.10061
0.662,1.03584,-9.81,0,7.56603e-307,0.435313,1.03584,3.10061
0.664,1.01622,-9.81,0,-3.82591e-270,0.437365,1.01622,3.10061
0.666,0.9966,-9.81,0,5.32409e-315,0.439378,0.9966,3.10061
0.668,0.97698,-9.81,0,6.338e-315,0.441351,0.97698,3.10061
0.67,0.95736,-9.81,0,4.15074e-317,0.443286,0.95736,3.10061
0.672,0.93774,-9.81,0,0,0.445181,0.93774,3.10061
0.674,0.91812,-9.81,0,5.30257e-315,0.447036,0.91812,3.10061
0.676,0.8985,-9.81,0,5.3241e-315,0.448853,0.8985,3.10061
0.678,0.87888,-9.81,0,0,0.45063,0.87888,3.10061
0.68,0.85926,-9.81,0,4.17271e-309,0.452369,0.85926,3.10061
0.682,0.83964,-9.81,0,1.78021e-306,0.454068,0.83964,3.10061
0.684,0.82002,-9.81,0,-3.82656e-270,0.455727,0.82002,3.10061
0.686,0.8004,-9.81,0,5.95013e-315,0.457348,0.8004,3.10061
0.688,0.78078,-9.81,0,6.36599e-314,0.458929,0.78078,3.10061
0.69,0.76116,-9.81,0,4.94066e-324,0.460471,0.76116,3.10061
0.692,0.74154,-9.81,0,3.39519e-313,0.461973,0.74154,3.10061
0.694,0.72192,-9.81,0,20,0.463437,0.72192,3.10061
0.696,0.7023,-9.81,0,9.88131e-324,0.464861,0.7023,3.10061
0.698,0.68268,-9.81,0,6.33813e-315,0.466246,0.68268,3.10061
0.7,0.66306,-9.81,0,6.37131e-315,0.467592,0.66306,3.10061
0.702,0.64344,-9.81,0,6.36599e-313,0.468898,0.64344,3.10061
0.704,0.62382,-9.81,0,-3.82747e-270,0.470166,0.62382,3.10061
0.706,0.6042,-9.81,0,6.33812e-315,0.471394,0.6042,3.10061
0.708,0.58458,-9.81,0,6.37131e-315,0.472582,0.58458,3.10061
0.71,0.56496,-9.81,0,2.122e-314,0.473732,0.56496,3.10061
0.712,0.54534,-9.81,0,9.88131e-324,0.474842,0.54534,3.10061
0.714,0.52572,-9.81,0,2.97463e-315,0.475913,0.52572,3.10061
0.716,0.5061,-9.81,0,6.36595e-315,0.476945,0.5061,3.10061
0.718,0.48648,-9.81,0,2.84347e-312,0.477938,0.48648,3.10061
0.72,0.46686,-9.81,0,0,0.478891,0.46686,3.10061
0.722,0.44724,-9.81,0,0,0.479805,0.44724,3.10061
0.724,0.42762,-9.81,0,-7.06215e-251,0.48068,0.42762,3.10061
0.726,0.408,-9.81,0,-2.00012,0.481516,0.408,3.10061
0.728,0.38838,-9.81,0,nan,0.482312,0.38838,3.10061
0.73,0.36876,-9.81,0,-2.00012,0.483069,0.36876,3.10061
0.732,0.34914,-9.81,0,nan,0.483787,0.34914,3.10061
0.734,0.32952,-9.81,0,1.061e-314,0.484466,0.32952,3.10061
0.736,0.3099,-9.81,0,-2.00012,0.485105,0.3099,3.10061
0.738,0.29028,-9.81,0,nan,0.485705,0.29028,3.10061
0.74,0.27066,-9.81,0,2.122e-314,0.486266,0.27066,3.10061
0.742,0.25104,-9.81,0,1.33509e-307,0.486788,0.25104,3.10061
0.744,0.23142,-9.81,0,-1.30305e-231,0.48727,0.23142,3.10061
0.746,0.2118,-9.81,0,1.2732e-313,0.487714,0.2118,3.10061
0.748,0.19218,-9.81,0,1.061e-313,0.488118,0.19218,3.10061
0.75,0.17256,-9.81,0,-10,0.488482,0.17256,3.10061
0.752,0.15294,-9.81,0,-5,0.488808,0.15294,3.10061
0.754,0.13332,-9.81,0,0,0.489094,0.13332,3.10061
0.756,0.1137,-9.81,0,5,0.489341,0.1137,3.10061
0.758,0.0940798,-9.81,0,10,0.489549,0.0940798,3.10061
0.76,0.0744598,-9.81,0,2,0.489717,0.0744598,3.10061
0.762,0.0548398,-9.81,0,6.20539e-315,0.489847,0.0548398,3.10061
0.764,0.0352198,-9.81,0,-1.30345e-231,0.489937,0.0352198,3.10061
0.766,0.0155998,-9.81,0,4.24399e-314,0.489988,0.0155998,3.10061
0.768,-0.00402024,-9.81,0,0,0.489999,-0.00402024,3.10061
0.77,-0.0236402,-9.81,0,0,0.489972,-0.0236402,3.10061
0.772,-0.0432602,-9.81,0,6.36595e-315,0.489905,-0.0432602,3.10061
0.774,-0.0628802,-9.81,0,5.32411e-315,0.489798,-0.0628802,3.10061
0.776,-0.0825002,-9.81,0,2.97379e-315,0.489653,-0.0825002,3.10061
0.778,-0.10212,-9.81,0,6.36599e-314,0.489468,-0.10212,3.10061
0.78,-0.12174,-9.81,0,2,0.489245,-0.12174,3.10061
0.782,-0.14136,-9.81,0,6.2242e-315,0.488982,-0.14136,3.10061
0.784,-0.16098,-9.81,0,-3.83143e-270,0.488679,-0.16098,3.10061
0.786,-0.1806,-9.81,0,5.95013e-315,0.488338,-0.1806,3.10061
0.788,-0.20022,-9.81,0,4.94066e-324,0.487957,-0.20022,3.10061
0.79,-0.21984,-9.81,0,0,0.487537,-0.21984,3.10061
0.792,-0.23946,-9.81,0,3.39519e-313,0.487077,-0.23946,3.10061
0.794,-0.25908,-9.81,0,30,0.486579,-0.25908,3.10061
0.796,-0.2787,-9.81,0,9.88131e-324,0.486041,-0.2787,3.10061
0.798,-0.29832,-9.81,0,6.33812e-315,0.485464,-0.29832,3.10061
0.8,-0.31794,-9.81,0,6.3713e-315,0.484848,-0.31794,3.10061
0.802,-0.33756,-9.81,0,2.3342e-313,0.484192,-0.33756,3.10061
0.804,-0.35718,-9.81,0,1.69113e-306,0.483498,-0.35718,3.10061
0.806,-0.3768,-9.81,0,1.60218e-306,0.482764,-0.3768,3.10061
0.808,-0.39642,-9.81,0,1.78022e-306,0.48199,-0.39642,3.10061
0.81,-0.41604,-9.81,0,9.34604e-307,0.481178,-0.41604,3.10061
0.812,-0.43566,-9.81,0,6.24075e-228,0.480326,-0.43566,3.10061
0.814,-0.45528,-9.81,0,0,0.479435,-0.45528,3.10061
0.816,-0.4749,-9.81,0,0,0.478505,-0.4749,3.10061
0.818,-0.49452,-9.81,0,0,0.477536,-0.49452,3.10061
0.82,-0.51414,-9.81,0,0,0.476527,-0.51414,3.10061
0.822,-0.53376,-9.81,0,0,0.475479,-0.53376,3.10061
0.824,-0.55338,-9.81,0,0,0.474392,-0.55338,3.10061
0.826,-0.573,-9.81,0,0,0.473266,-0.573,3.10061
0.828,-0.59262,-9.81,0,0,0.4721,-0.59262,3.10061
0.83,-0.61224,-9.81,0,0,0.470895,-0.61224,3.10061
0.832,-0.63186,-9.81,0,0,0.469651,-0.63186,3.10061
0.834,-0.65148,-9.81,nan,0,0.468368,-0.65148,3.10061
0.836,-0.6711,-9.81,nan,0,0.467045,-0.6711,3.10061
0.838,-0.69072,-9.81,nan,0,0.465683,-0.69072,3.10061
0.84,-0.71034,-9.81,nan,0,0.464282,-0.71034,3.10061
0.842,-0.72996,-9.81,nan,0,0.462842,-0.72996,3.10061
0.844,-0.74958,-9.81,nan,0,0.461362,-0.74958,3.10061
0.846,-0.7692,-9.81,nan,0,0.459844,-0.7692,3.10061
0.848,-0.78882,-9.81,nan,0,0.458286,-0.78882,3.10061
0.85,-0.80844,-9.81,nan,0,0.456688,-0.80844,3.10061
0.852,-0.82806,-9.81,nan,0,0.455052,-0.82806,3.10061
0.854,-0.84768,-9.81,nan,0,0.453376,-0.84768,3.10061
0.856,-0.8673,-9.81,nan,0,0.451661,-0.8673,3.10061
0.858,-0.88692,-9.81,0,0,0.449907,-0.88692,3.10061
0.86,-0.90654,-9.81,nan,0,0.448113,-0.90654,3.10061
0.862,-0.92616,-9.81,nan,0,0.446281,-0.92616,3.10061
0.864,-0.94578,-9.81,nan,0,0.444409,-0.94578,3.10061
0.866,-0.9654,-9.81,4.2435e-314,0,0.442498,-0.9654,3.10061
0.868,-0.98502,-9.81,5.27766e+13,0,0.440547,-0.98502,3.10061
0.87,-1.00464,-9.81,3.40931e-23,0,0.438557,-1.00464,3.10061
0.872,-1.02426,-9.81,nan,0,0.436529,-1.02426,3.10061
0.874,-1.04388,-9.81,nan,0,0.43446,-1.04388,3.10061
0.876,-1.0635,-9.81,nan,0,0.432353,-1.0635,3.10061
0.878,-1.08312,-9.81,nan,0,0.430206,-1.08312,3.10061
0.88,-1.10274,-9.81,1.54811e+15,0,0.428021,-1.10274,3.10061
0.882,-1.12236,-9.81,5.3299e-43,0,0.425795,-1.12236,3.10061
0.884,-1.14198,-9.81,1.3411e-08,0,0.423531,-1.14198,3.10061
0.886,-1.1616,-9.81,2.122e-314,0,0.421228,-1.1616,3.10061
0.888,-1.18122,-9.81,2.97371e-315,0,0.418885,-1.18122,3.10061
0.89,-1.20084,-9.81,0,0,0.416503,-1.20084,3.10061
0.892,-1.22046,-9.81,0,0,0.414081,-1.22046,3.10061
0.894,-1.24008,-9.81,0,0,0.411621,-1.24008,3.10061
0.896,-1.2597,-9.81,5.28609e-315,0,0.409121,-1.2597,3.10061
0.898,-1.27932,-9.81,0,0,0.406582,-1.27932,3.10061
0.9,-1.29894,-9.81,0,0,0.404004,-1.29894,3.10061
0.902,-1.31856,-9.81,0,0,0.401386,-1.31856,3.10061
0.904,-1.33818,-9.81,0,0,0.39873,-1.33818,3.10061
0.906,-1.3578,-9.81,0.0078125,0,0.396034,-1.3578,3.10061
0.908,-1.37742,-9.81,0,0,0.393298,-1.37742,3.10061
0.91,-1.39704,-9.81,0,0,0.390524,-1.39704,3.10061
0.912,-1.41666,-9.81,0,0,0.38771,-1.41666,3.10061
0.914,-1.43628,-9.81,1.61326e-307,0,0.384857,-1.43628,3.10061
0.916,-1.4559,-9.81,3.29061e-229,0,0.381965,-1.4559,3.10061
0.918,-1.47552,-9.81,5.95909e-315,0,0.379034,-1.47552,3.10061
0.92,-1.49514,-9.81,5.1061e-315,0,0.376063,-1.49514,3.10061
0.922,-1.51476,-9.81,7.90505e-323,0,0.373053,-1.51476,3.10061
0.924,-1.53438,-9.81,4.00525e-307,0,0.370004,-1.53438,3.10061
0.926,-1.554,-9.81,9.52025e-316,0,0.366916,-1.554,3.10061
0.928,-1.57362,-9.81,5.29278e-315,0,0.363788,-1.57362,3.10061
0.93,-1.59324,-9.81,0,0,0.360621,-1.59324,3.10061
0.932,-1.61286,-9.81,0,0,0.357415,-1.61286,3.10061
0.934,-1.63248,-9.81,8.48954e-314,0,0.35417,-1.63248,3.10061
0.936,-1.6521,-9.81,6.39095e-314,0,0.350885,-1.6521,3.10061
0.938,-1.67172,-9.81,1.69119e-306,0,0.347561,-1.67172,3.10061
0.94,-1.69134,-9.81,1.86922e-306,0,0.344198,-1.69134,3.10061
0.942,-1.71096,-9.81,9.52044e-316,0,0.340796,-1.71096,3.10061
0.944,-1.73058,-9.81,5.90783e-315,0,0.337354,-1.73058,3.10061
0.946,-1.7502,-9.81,0,0,0.333874,-1.7502,3.10061
0.948,-1.76982,-9.81,0,0,0.330354,-1.76982,3.10061
0.95,-1.78944,-9.81,4.24584e-314,0,0.326794,-1.78944,3.10061
0.952,-1.80906,-9.81,2.1469e-314,0,0.323196,-1.80906,3.10061
0.954,-1.82868,-9.81,0,0,0.319558,-1.82868,3.10061
0.956,-1.8483,-9.81,9.34609e-307,0,0.315881,-1.8483,3.10061
0.958,-1.86792,-9.81,9.52022e-316,0,0.312165,-1.86792,3.10061
0.96,-1.88754,-9.81,5.9071e-315,0,0.308409,-1.88754,3.10061
0.962,-1.90716,-9.81,0,0,0.304615,-1.90716,3.10061
0.964,-1.92678,-9.81,0,0,0.300781,-1.92678,3.10061
0.966,-1.9464,-9.81,6.41177e-314,0,0.296908,-1.9464,3.10061
0.968,-1.96602,-9.81,2.14693e-314,0,0.292995,-1.96602,3.10061
0.97,-1.98564,-9.81,9.34605e-307,0,0.289043,-1.98564,3.10061
0.972,-2.00526,-9.81,5.0069e-308,0,0.285053,-2.00526,3.10061
0.974,-2.02488,-9.81,9.52022e-316,0,0.281022,-2.02488,3.10061
0.976,-2.0445,-9.81,5.90746e-315,0,0.276953,-2.0445,3.10061
0.978,-2.06412,-9.81,0,0,0.272844,-2.06412,3.10061
0.98,-2.08374,-9.81,0,0,0.268697,-2.08374,3.10061
0.982,-2.10336,-9.81,6.3666e-314,0,0.264509,-2.10336,3.10061
0.984,-2.12298,-9.81,6.39092e-314,0,0.260283,-2.12298,3.10061
0.986,-2.1426,-9.81,5.00695e-308,0,0.256018,-2.1426,3.10061
0.988,-2.16222,-9.81,5.00694e-308,0,0.251713,-2.16222,3.10061
0.99,-2.18184,-9.81,9.52044e-316,0,0.247369,-2.18184,3.10061
0.992,-2.20146,-9.81,5.91631e-315,0,0.242985,-2.20146,3.10061
0.994,-2.22108,-9.81,0,0,0.238563,-2.22108,3.10061
0.996,-2.2407,-9.81,0,0,0.234101,-2.2407,3.10061
0.998,-2.26032,-9.81,4.2492e-314,0,0.2296,-2.26032,3.10061
1,-2.27994,-9.81,2.1469e-314,0,0.22506,-2.27994,3.10061
1,-2.27994,-9.81,1.78019e-306,0,0.22506,-2.27994,3.10061
