"time","outputs2[1]","outputs2[2]","outputs1[1]","outputs1[2]","done",
0,0,0,0,0,0,
0,0,0,0,0,0,
0,0,2,1,2,7,
0.002,0,2,1,2,7,
0.002,0,4,2,4,7,
0.004,0,4,2,4,7,
0.004,0,6,3,6,7,
0.006,0,6,3,6,7,
0.006,0,8,4,8,7,
0.008,0,8,4,8,7,
0.008,0,10,5,10,7,
0.01,0,10,5,10,7,
0.01,0,12,6,12,7,
0.012,0,12,6,12,7,
0.012,0,14,7,14,7,
0.014,0,14,7,14,7,
0.014,0,16,8,16,7,
0.016,0,16,8,16,7,
0.016,0,18,9,18,7,
0.018,0,18,9,18,7,
0.018,0,20,10,20,7,
0.02,0,20,10,20,7,
0.02,0,22,11,22,7,
0.02200000000000001,0,22,11,22,7,
0.02200000000000001,0,24,12,24,7,
0.02400000000000001,0,24,12,24,7,
0.02400000000000001,0,26,13,26,7,
0.02600000000000001,0,26,13,26,7,
0.02600000000000001,0,28,14,28,7,
0.02800000000000001,0,28,14,28,7,
0.02800000000000001,0,30,15,30,7,
0.03000000000000001,0,30,15,30,7,
0.03000000000000001,0,32,16,32,7,
0.03200000000000002,0,32,16,32,7,
0.03200000000000002,0,34,17,34,7,
0.03400000000000002,0,34,17,34,7,
0.03400000000000002,0,36,18,36,7,
0.03600000000000002,0,36,18,36,7,
0.03600000000000002,0,38,19,38,7,
0.03800000000000002,0,38,19,38,7,
0.03800000000000002,0,40,20,40,7,
0.04000000000000002,0,40,20,40,7,
0.04000000000000002,0,42,21,42,7,
0.04200000000000002,0,42,21,42,7,
0.04200000000000002,0,44,22,44,7,
0.04400000000000003,0,44,22,44,7,
0.04400000000000003,0,46,23,46,7,
0.04600000000000003,0,46,23,46,7,
0.04600000000000003,0,48,24,48,7,
0.04800000000000003,0,48,24,48,7,
0.04800000000000003,0,50,25,50,7,
0.05000000000000003,0,50,25,50,7,
0.05000000000000003,0,52,26,52,7,
0.05200000000000003,0,52,26,52,7,
0.05200000000000003,0,54,27,54,7,
0.05400000000000003,0,54,27,54,7,
0.05400000000000003,0,56,28,56,7,
0.05600000000000004,0,56,28,56,7,
0.05600000000000004,0,58,29,58,7,
0.05800000000000004,0,58,29,58,7,
0.05800000000000004,0,60,30,60,7,
0.06000000000000004,0,60,30,60,7,
0.06000000000000004,0,62,31,62,7,
0.06200000000000004,0,62,31,62,7,
0.06200000000000004,0,64,32,64,7,
0.06400000000000004,0,64,32,64,7,
0.06400000000000004,0,66,33,66,7,
0.06600000000000005,0,66,33,66,7,
0.06600000000000005,0,68,34,68,7,
0.06800000000000005,0,68,34,68,7,
0.06800000000000005,0,70,35,70,7,
0.07000000000000005,0,70,35,70,7,
0.07000000000000005,0,72,36,72,7,
0.07200000000000005,0,72,36,72,7,
0.07200000000000005,0,74,37,74,7,
0.07400000000000005,0,74,37,74,7,
0.07400000000000005,0,76,38,76,7,
0.07600000000000005,0,76,38,76,7,
0.07600000000000005,0,78,39,78,7,
0.07800000000000006,0,78,39,78,7,
0.07800000000000006,0,80,40,80,7,
0.08000000000000006,0,80,40,80,7,
0.08000000000000006,0,82,41,82,7,
0.08200000000000006,0,82,41,82,7,
0.08200000000000006,0,84,42,84,7,
0.08400000000000006,0,84,42,84,7,
0.08400000000000006,0,86,43,86,7,
0.08600000000000006,0,86,43,86,7,
0.08600000000000006,0,88,44,88,7,
0.08800000000000006,0,88,44,88,7,
0.08800000000000006,0,90,45,90,7,
0.09000000000000007,0,90,45,90,7,
0.09000000000000007,0,92,46,92,7,
0.09200000000000007,0,92,46,92,7,
0.09200000000000007,0,94,47,94,7,
0.09400000000000007,0,94,47,94,7,
0.09400000000000007,0,96,48,96,7,
0.09600000000000007,0,96,48,96,7,
0.09600000000000007,0,98,49,98,7,
0.09800000000000007,0,98,49,98,7,
0.09800000000000007,0,100,50,100,7,
0.1000000000000001,0,100,50,100,7,
0.1000000000000001,0,102,51,102,7,
0.1020000000000001,0,102,51,102,7,
0.1020000000000001,0,104,52,104,7,
0.1040000000000001,0,104,52,104,7,
0.1040000000000001,0,106,53,106,7,
0.1060000000000001,0,106,53,106,7,
0.1060000000000001,0,108,54,108,7,
0.1080000000000001,0,108,54,108,7,
0.1080000000000001,0,110,55,110,7,
0.1100000000000001,0,110,55,110,7,
0.1100000000000001,0,112,56,112,7,
0.1120000000000001,0,112,56,112,7,
0.1120000000000001,0,114,57,114,7,
0.1140000000000001,0,114,57,114,7,
0.1140000000000001,0,116,58,116,7,
0.1160000000000001,0,116,58,116,7,
0.1160000000000001,0,118,59,118,7,
0.1180000000000001,0,118,59,118,7,
0.1180000000000001,0,120,60,120,7,
0.1200000000000001,0,120,60,120,7,
0.1200000000000001,0,122,61,122,7,
0.1220000000000001,0,122,61,122,7,
0.1220000000000001,0,124,62,124,7,
0.1240000000000001,0,124,62,124,7,
0.1240000000000001,0,126,63,126,7,
0.1260000000000001,0,126,63,126,7,
0.1260000000000001,0,128,64,128,7,
0.1280000000000001,0,128,64,128,7,
0.1280000000000001,0,130,65,130,7,
0.1300000000000001,0,130,65,130,7,
0.1300000000000001,0,132,66,132,7,
0.1320000000000001,0,132,66,132,7,
0.1320000000000001,0,134,67,134,7,
0.1340000000000001,0,134,67,134,7,
0.1340000000000001,0,136,68,136,7,
0.1360000000000001,0,136,68,136,7,
0.1360000000000001,0,138,69,138,7,
0.1380000000000001,0,138,69,138,7,
0.1380000000000001,0,140,70,140,7,
0.1400000000000001,0,140,70,140,7,
0.1400000000000001,0,142,71,142,7,
0.1420000000000001,0,142,71,142,7,
0.1420000000000001,0,144,72,144,7,
0.1440000000000001,0,144,72,144,7,
0.1440000000000001,0,146,73,146,7,
0.1460000000000001,0,146,73,146,7,
0.1460000000000001,0,148,74,148,7,
0.1480000000000001,0,148,74,148,7,
0.1480000000000001,0,150,75,150,7,
0.1500000000000001,0,150,75,150,7,
0.1500000000000001,0,152,76,152,7,
0.1520000000000001,0,152,76,152,7,
0.1520000000000001,0,154,77,154,7,
0.1540000000000001,0,154,77,154,7,
0.1540000000000001,0,156,78,156,7,
0.1560000000000001,0,156,78,156,7,
0.1560000000000001,0,158,79,158,7,
0.1580000000000001,0,158,79,158,7,
0.1580000000000001,0,160,80,160,7,
0.1600000000000001,0,160,80,160,7,
0.1600000000000001,0,162,81,162,7,
0.1620000000000001,0,162,81,162,7,
0.1620000000000001,0,164,82,164,7,
0.1640000000000001,0,164,82,164,7,
0.1640000000000001,0,166,83,166,7,
0.1660000000000001,0,166,83,166,7,
0.1660000000000001,0,168,84,168,7,
0.1680000000000001,0,168,84,168,7,
0.1680000000000001,0,170,85,170,7,
0.1700000000000001,0,170,85,170,7,
0.1700000000000001,0,172,86,172,7,
0.1720000000000001,0,172,86,172,7,
0.1720000000000001,0,174,87,174,7,
0.1740000000000001,0,174,87,174,7,
0.1740000000000001,0,176,88,176,7,
0.1760000000000001,0,176,88,176,7,
0.1760000000000001,0,178,89,178,7,
0.1780000000000001,0,178,89,178,7,
0.1780000000000001,0,180,90,180,7,
0.1800000000000001,0,180,90,180,7,
0.1800000000000001,0,182,91,182,7,
0.1820000000000001,0,182,91,182,7,
0.1820000000000001,0,184,92,184,7,
0.1840000000000001,0,184,92,184,7,
0.1840000000000001,0,186,93,186,7,
0.1860000000000001,0,186,93,186,7,
0.1860000000000001,0,188,94,188,7,
0.1880000000000001,0,188,94,188,7,
0.1880000000000001,0,190,95,190,7,
0.1900000000000001,0,190,95,190,7,
0.1900000000000001,0,192,96,192,7,
0.1920000000000001,0,192,96,192,7,
0.1920000000000001,0,194,97,194,7,
0.1940000000000001,0,194,97,194,7,
0.1940000000000001,0,196,98,196,7,
0.1960000000000002,0,196,98,196,7,
0.1960000000000002,0,198,99,198,7,
0.1980000000000002,0,198,99,198,7,
0.1980000000000002,0,200,100,200,7,
0.2000000000000002,0,200,100,200,7,
0.2000000000000002,0,202,101,202,7,
0.2020000000000002,0,202,101,202,7,
0.2020000000000002,0,204,102,204,7,
0.2040000000000002,0,204,102,204,7,
0.2040000000000002,0,206,103,206,7,
0.2060000000000002,0,206,103,206,7,
0.2060000000000002,0,208,104,208,7,
0.2080000000000002,0,208,104,208,7,
0.2080000000000002,0,210,105,210,7,
0.2100000000000002,0,210,105,210,7,
0.2100000000000002,0,212,106,212,7,
0.2120000000000002,0,212,106,212,7,
0.2120000000000002,0,214,107,214,7,
0.2140000000000002,0,214,107,214,7,
0.2140000000000002,0,216,108,216,7,
0.2160000000000002,0,216,108,216,7,
0.2160000000000002,0,218,109,218,7,
0.2180000000000002,0,218,109,218,7,
0.2180000000000002,0,220,110,220,7,
0.2200000000000002,0,220,110,220,7,
0.2200000000000002,0,222,111,222,7,
0.2220000000000002,0,222,111,222,7,
0.2220000000000002,0,224,112,224,7,
0.2240000000000002,0,224,112,224,7,
0.2240000000000002,0,226,113,226,7,
0.2260000000000002,0,226,113,226,7,
0.2260000000000002,0,228,114,228,7,
0.2280000000000002,0,228,114,228,7,
0.2280000000000002,0,230,115,230,7,
0.2300000000000002,0,230,115,230,7,
0.2300000000000002,0,232,116,232,7,
0.2320000000000002,0,232,116,232,7,
0.2320000000000002,0,234,117,234,7,
0.2340000000000002,0,234,117,234,7,
0.2340000000000002,0,236,118,236,7,
0.2360000000000002,0,236,118,236,7,
0.2360000000000002,0,238,119,238,7,
0.2380000000000002,0,238,119,238,7,
0.2380000000000002,0,240,120,240,7,
0.2400000000000002,0,240,120,240,7,
0.2400000000000002,0,242,121,242,7,
0.2420000000000002,0,242,121,242,7,
0.2420000000000002,0,244,122,244,7,
0.2440000000000002,0,244,122,244,7,
0.2440000000000002,0,246,123,246,7,
0.2460000000000002,0,246,123,246,7,
0.2460000000000002,0,248,124,248,7,
0.2480000000000002,0,248,124,248,7,
0.2480000000000002,0,250,125,250,7,
0.2500000000000002,0,250,125,250,7,
0.2500000000000002,0,252,126,252,7,
0.2520000000000002,0,252,126,252,7,
0.2520000000000002,0,254,127,254,7,
0.2540000000000002,0,254,127,254,7,
0.2540000000000002,0,256,128,256,7,
0.2560000000000002,0,256,128,256,7,
0.2560000000000002,0,258,129,258,7,
0.2580000000000002,0,258,129,258,7,
0.2580000000000002,0,260,130,260,7,
0.2600000000000002,0,260,130,260,7,
0.2600000000000002,0,262,131,262,7,
0.2620000000000002,0,262,131,262,7,
0.2620000000000002,0,264,132,264,7,
0.2640000000000002,0,264,132,264,7,
0.2640000000000002,0,266,133,266,7,
0.2660000000000002,0,266,133,266,7,
0.2660000000000002,0,268,134,268,7,
0.2680000000000002,0,268,134,268,7,
0.2680000000000002,0,270,135,270,7,
0.2700000000000002,0,270,135,270,7,
0.2700000000000002,0,272,136,272,7,
0.2720000000000002,0,272,136,272,7,
0.2720000000000002,0,274,137,274,7,
0.2740000000000002,0,274,137,274,7,
0.2740000000000002,0,276,138,276,7,
0.2760000000000002,0,276,138,276,7,
0.2760000000000002,0,278,139,278,7,
0.2780000000000002,0,278,139,278,7,
0.2780000000000002,0,280,140,280,7,
0.2800000000000002,0,280,140,280,7,
0.2800000000000002,0,282,141,282,7,
0.2820000000000002,0,282,141,282,7,
0.2820000000000002,0,284,142,284,7,
0.2840000000000002,0,284,142,284,7,
0.2840000000000002,0,286,143,286,7,
0.2860000000000002,0,286,143,286,7,
0.2860000000000002,0,288,144,288,7,
0.2880000000000002,0,288,144,288,7,
0.2880000000000002,0,290,145,290,7,
0.2900000000000002,0,290,145,290,7,
0.2900000000000002,0,292,146,292,7,
0.2920000000000002,0,292,146,292,7,
0.2920000000000002,0,294,147,294,7,
0.2940000000000002,0,294,147,294,7,
0.2940000000000002,0,296,148,296,7,
0.2960000000000002,0,296,148,296,7,
0.2960000000000002,0,298,149,298,7,
0.2980000000000002,0,298,149,298,7,
0.2980000000000002,0,300,150,300,7,
0.3000000000000002,0,300,150,300,7,
0.3000000000000002,0,302,151,302,7,
0.3020000000000002,0,302,151,302,7,
0.3020000000000002,0,304,152,304,7,
0.3040000000000002,0,304,152,304,7,
0.3040000000000002,0,306,153,306,7,
0.3060000000000002,0,306,153,306,7,
0.3060000000000002,0,308,154,308,7,
0.3080000000000002,0,308,154,308,7,
0.3080000000000002,0,310,155,310,7,
0.3100000000000002,0,310,155,310,7,
0.3100000000000002,0,312,156,312,7,
0.3120000000000002,0,312,156,312,7,
0.3120000000000002,0,314,157,314,7,
0.3140000000000002,0,314,157,314,7,
0.3140000000000002,0,316,158,316,7,
0.3160000000000002,0,316,158,316,7,
0.3160000000000002,0,318,159,318,7,
0.3180000000000002,0,318,159,318,7,
0.3180000000000002,0,320,160,320,7,
0.3200000000000002,0,320,160,320,7,
0.3200000000000002,0,322,161,322,7,
0.3220000000000002,0,322,161,322,7,
0.3220000000000002,0,324,162,324,7,
0.3240000000000002,0,324,162,324,7,
0.3240000000000002,0,326,163,326,7,
0.3260000000000002,0,326,163,326,7,
0.3260000000000002,0,328,164,328,7,
0.3280000000000002,0,328,164,328,7,
0.3280000000000002,0,330,165,330,7,
0.3300000000000002,0,330,165,330,7,
0.3300000000000002,0,332,166,332,7,
0.3320000000000002,0,332,166,332,7,
0.3320000000000002,0,334,167,334,7,
0.3340000000000002,0,334,167,334,7,
0.3340000000000002,0,336,168,336,7,
0.3360000000000002,0,336,168,336,7,
0.3360000000000002,0,338,169,338,7,
0.3380000000000002,0,338,169,338,7,
0.3380000000000002,0,340,170,340,7,
0.3400000000000003,0,340,170,340,7,
0.3400000000000003,0,342,171,342,7,
0.3420000000000003,0,342,171,342,7,
0.3420000000000003,0,344,172,344,7,
0.3440000000000003,0,344,172,344,7,
0.3440000000000003,0,346,173,346,7,
0.3460000000000003,0,346,173,346,7,
0.3460000000000003,0,348,174,348,7,
0.3480000000000003,0,348,174,348,7,
0.3480000000000003,0,350,175,350,7,
0.3500000000000003,0,350,175,350,7,
0.3500000000000003,0,352,176,352,7,
0.3520000000000003,0,352,176,352,7,
0.3520000000000003,0,354,177,354,7,
0.3540000000000003,0,354,177,354,7,
0.3540000000000003,0,356,178,356,7,
0.3560000000000003,0,356,178,356,7,
0.3560000000000003,0,358,179,358,7,
0.3580000000000003,0,358,179,358,7,
0.3580000000000003,0,360,180,360,7,
0.3600000000000003,0,360,180,360,7,
0.3600000000000003,0,362,181,362,7,
0.3620000000000003,0,362,181,362,7,
0.3620000000000003,0,364,182,364,7,
0.3640000000000003,0,364,182,364,7,
0.3640000000000003,0,366,183,366,7,
0.3660000000000003,0,366,183,366,7,
0.3660000000000003,0,368,184,368,7,
0.3680000000000003,0,368,184,368,7,
0.3680000000000003,0,370,185,370,7,
0.3700000000000003,0,370,185,370,7,
0.3700000000000003,0,372,186,372,7,
0.3720000000000003,0,372,186,372,7,
0.3720000000000003,0,374,187,374,7,
0.3740000000000003,0,374,187,374,7,
0.3740000000000003,0,376,188,376,7,
0.3760000000000003,0,376,188,376,7,
0.3760000000000003,0,378,189,378,7,
0.3780000000000003,0,378,189,378,7,
0.3780000000000003,0,380,190,380,7,
0.3800000000000003,0,380,190,380,7,
0.3800000000000003,0,382,191,382,7,
0.3820000000000003,0,382,191,382,7,
0.3820000000000003,0,384,192,384,7,
0.3840000000000003,0,384,192,384,7,
0.3840000000000003,0,386,193,386,7,
0.3860000000000003,0,386,193,386,7,
0.3860000000000003,0,388,194,388,7,
0.3880000000000003,0,388,194,388,7,
0.3880000000000003,0,390,195,390,7,
0.3900000000000003,0,390,195,390,7,
0.3900000000000003,0,392,196,392,7,
0.3920000000000003,0,392,196,392,7,
0.3920000000000003,0,394,197,394,7,
0.3940000000000003,0,394,197,394,7,
0.3940000000000003,0,396,198,396,7,
0.3960000000000003,0,396,198,396,7,
0.3960000000000003,0,398,199,398,7,
0.3980000000000003,0,398,199,398,7,
0.3980000000000003,0,400,200,400,7,
0.4000000000000003,0,400,200,400,7,
0.4000000000000003,0,402,201,402,7,
0.4020000000000003,0,402,201,402,7,
0.4020000000000003,0,404,202,404,7,
0.4040000000000003,0,404,202,404,7,
0.4040000000000003,0,406,203,406,7,
0.4060000000000003,0,406,203,406,7,
0.4060000000000003,0,408,204,408,7,
0.4080000000000003,0,408,204,408,7,
0.4080000000000003,0,410,205,410,7,
0.4100000000000003,0,410,205,410,7,
0.4100000000000003,0,412,206,412,7,
0.4120000000000003,0,412,206,412,7,
0.4120000000000003,0,414,207,414,7,
0.4140000000000003,0,414,207,414,7,
0.4140000000000003,0,416,208,416,7,
0.4160000000000003,0,416,208,416,7,
0.4160000000000003,0,418,209,418,7,
0.4180000000000003,0,418,209,418,7,
0.4180000000000003,0,420,210,420,7,
0.4200000000000003,0,420,210,420,7,
0.4200000000000003,0,422,211,422,7,
0.4220000000000003,0,422,211,422,7,
0.4220000000000003,0,424,212,424,7,
0.4240000000000003,0,424,212,424,7,
0.4240000000000003,0,426,213,426,7,
0.4260000000000003,0,426,213,426,7,
0.4260000000000003,0,428,214,428,7,
0.4280000000000003,0,428,214,428,7,
0.4280000000000003,0,430,215,430,7,
0.4300000000000003,0,430,215,430,7,
0.4300000000000003,0,432,216,432,7,
0.4320000000000003,0,432,216,432,7,
0.4320000000000003,0,434,217,434,7,
0.4340000000000003,0,434,217,434,7,
0.4340000000000003,0,436,218,436,7,
0.4360000000000003,0,436,218,436,7,
0.4360000000000003,0,438,219,438,7,
0.4380000000000003,0,438,219,438,7,
0.4380000000000003,0,440,220,440,7,
0.4400000000000003,0,440,220,440,7,
0.4400000000000003,0,442,221,442,7,
0.4420000000000003,0,442,221,442,7,
0.4420000000000003,0,444,222,444,7,
0.4440000000000003,0,444,222,444,7,
0.4440000000000003,0,446,223,446,7,
0.4460000000000003,0,446,223,446,7,
0.4460000000000003,0,448,224,448,7,
0.4480000000000003,0,448,224,448,7,
0.4480000000000003,0,450,225,450,7,
0.4500000000000003,0,450,225,450,7,
0.4500000000000003,0,452,226,452,7,
0.4520000000000004,0,452,226,452,7,
0.4520000000000004,0,454,227,454,7,
0.4540000000000004,0,454,227,454,7,
0.4540000000000004,0,456,228,456,7,
0.4560000000000004,0,456,228,456,7,
0.4560000000000004,0,458,229,458,7,
0.4580000000000004,0,458,229,458,7,
0.4580000000000004,0,460,230,460,7,
0.4600000000000004,0,460,230,460,7,
0.4600000000000004,0,462,231,462,7,
0.4620000000000004,0,462,231,462,7,
0.4620000000000004,0,464,232,464,7,
0.4640000000000004,0,464,232,464,7,
0.4640000000000004,0,466,233,466,7,
0.4660000000000004,0,466,233,466,7,
0.4660000000000004,0,468,234,468,7,
0.4680000000000004,0,468,234,468,7,
0.4680000000000004,0,470,235,470,7,
0.4700000000000004,0,470,235,470,7,
0.4700000000000004,0,472,236,472,7,
0.4720000000000004,0,472,236,472,7,
0.4720000000000004,0,474,237,474,7,
0.4740000000000004,0,474,237,474,7,
0.4740000000000004,0,476,238,476,7,
0.4760000000000004,0,476,238,476,7,
0.4760000000000004,0,478,239,478,7,
0.4780000000000004,0,478,239,478,7,
0.4780000000000004,0,480,240,480,7,
0.4800000000000004,0,480,240,480,7,
0.4800000000000004,0,482,241,482,7,
0.4820000000000004,0,482,241,482,7,
0.4820000000000004,0,484,242,484,7,
0.4840000000000004,0,484,242,484,7,
0.4840000000000004,0,486,243,486,7,
0.4860000000000004,0,486,243,486,7,
0.4860000000000004,0,488,244,488,7,
0.4880000000000004,0,488,244,488,7,
0.4880000000000004,0,490,245,490,7,
0.4900000000000004,0,490,245,490,7,
0.4900000000000004,0,492,246,492,7,
0.4920000000000004,0,492,246,492,7,
0.4920000000000004,0,494,247,494,7,
0.4940000000000004,0,494,247,494,7,
0.4940000000000004,0,496,248,496,7,
0.4960000000000004,0,496,248,496,7,
0.4960000000000004,0,498,249,498,7,
0.4980000000000004,0,498,249,498,7,
0.4980000000000004,0,500,250,500,7,
0.5000000000000003,0,500,250,500,7,
0.5000000000000003,0,502,251,502,7,
0.5020000000000003,0,502,251,502,7,
0.5020000000000003,0,504,252,504,7,
0.5040000000000003,0,504,252,504,7,
0.5040000000000003,0,506,253,506,7,
0.5060000000000003,0,506,253,506,7,
0.5060000000000003,0,508,254,508,7,
0.5080000000000003,0,508,254,508,7,
0.5080000000000003,0,510,255,510,7,
0.5100000000000003,0,510,255,510,7,
0.5100000000000003,0,512,256,512,7,
0.5120000000000003,0,512,256,512,7,
0.5120000000000003,0,514,257,514,7,
0.5140000000000004,0,514,257,514,7,
0.5140000000000004,0,516,258,516,7,
0.5160000000000004,0,516,258,516,7,
0.5160000000000004,0,518,259,518,7,
0.5180000000000004,0,518,259,518,7,
0.5180000000000004,0,520,260,520,7,
0.5200000000000004,0,520,260,520,7,
0.5200000000000004,0,522,261,522,7,
0.5220000000000004,0,522,261,522,7,
0.5220000000000004,0,524,262,524,7,
0.5240000000000004,0,524,262,524,7,
0.5240000000000004,0,526,263,526,7,
0.5260000000000004,0,526,263,526,7,
0.5260000000000004,0,528,264,528,7,
0.5280000000000004,0,528,264,528,7,
0.5280000000000004,0,530,265,530,7,
0.5300000000000004,0,530,265,530,7,
0.5300000000000004,0,532,266,532,7,
0.5320000000000004,0,532,266,532,7,
0.5320000000000004,0,534,267,534,7,
0.5340000000000004,0,534,267,534,7,
0.5340000000000004,0,536,268,536,7,
0.5360000000000004,0,536,268,536,7,
0.5360000000000004,0,538,269,538,7,
0.5380000000000004,0,538,269,538,7,
0.5380000000000004,0,540,270,540,7,
0.5400000000000004,0,540,270,540,7,
0.5400000000000004,0,542,271,542,7,
0.5420000000000004,0,542,271,542,7,
0.5420000000000004,0,544,272,544,7,
0.5440000000000004,0,544,272,544,7,
0.5440000000000004,0,546,273,546,7,
0.5460000000000004,0,546,273,546,7,
0.5460000000000004,0,548,274,548,7,
0.5480000000000004,0,548,274,548,7,
0.5480000000000004,0,550,275,550,7,
0.5500000000000004,0,550,275,550,7,
0.5500000000000004,0,552,276,552,7,
0.5520000000000004,0,552,276,552,7,
0.5520000000000004,0,554,277,554,7,
0.5540000000000004,0,554,277,554,7,
0.5540000000000004,0,556,278,556,7,
0.5560000000000004,0,556,278,556,7,
0.5560000000000004,0,558,279,558,7,
0.5580000000000004,0,558,279,558,7,
0.5580000000000004,0,560,280,560,7,
0.5600000000000004,0,560,280,560,7,
0.5600000000000004,0,562,281,562,7,
0.5620000000000004,0,562,281,562,7,
0.5620000000000004,0,564,282,564,7,
0.5640000000000004,0,564,282,564,7,
0.5640000000000004,0,566,283,566,7,
0.5660000000000004,0,566,283,566,7,
0.5660000000000004,0,568,284,568,7,
0.5680000000000004,0,568,284,568,7,
0.5680000000000004,0,570,285,570,7,
0.5700000000000004,0,570,285,570,7,
0.5700000000000004,0,572,286,572,7,
0.5720000000000004,0,572,286,572,7,
0.5720000000000004,0,574,287,574,7,
0.5740000000000004,0,574,287,574,7,
0.5740000000000004,0,576,288,576,7,
0.5760000000000004,0,576,288,576,7,
0.5760000000000004,0,578,289,578,7,
0.5780000000000004,0,578,289,578,7,
0.5780000000000004,0,580,290,580,7,
0.5800000000000004,0,580,290,580,7,
0.5800000000000004,0,582,291,582,7,
0.5820000000000004,0,582,291,582,7,
0.5820000000000004,0,584,292,584,7,
0.5840000000000004,0,584,292,584,7,
0.5840000000000004,0,586,293,586,7,
0.5860000000000004,0,586,293,586,7,
0.5860000000000004,0,588,294,588,7,
0.5880000000000004,0,588,294,588,7,
0.5880000000000004,0,590,295,590,7,
0.5900000000000004,0,590,295,590,7,
0.5900000000000004,0,592,296,592,7,
0.5920000000000004,0,592,296,592,7,
0.5920000000000004,0,594,297,594,7,
0.5940000000000004,0,594,297,594,7,
0.5940000000000004,0,596,298,596,7,
0.5960000000000004,0,596,298,596,7,
0.5960000000000004,0,598,299,598,7,
0.5980000000000004,0,598,299,598,7,
0.5980000000000004,0,600,300,600,7,
0.6000000000000004,0,600,300,600,7,
0.6000000000000004,0,602,301,602,7,
0.6020000000000004,0,602,301,602,7,
0.6020000000000004,0,604,302,604,7,
0.6040000000000004,0,604,302,604,7,
0.6040000000000004,0,606,303,606,7,
0.6060000000000004,0,606,303,606,7,
0.6060000000000004,0,608,304,608,7,
0.6080000000000004,0,608,304,608,7,
0.6080000000000004,0,610,305,610,7,
0.6100000000000004,0,610,305,610,7,
0.6100000000000004,0,612,306,612,7,
0.6120000000000004,0,612,306,612,7,
0.6120000000000004,0,614,307,614,7,
0.6140000000000004,0,614,307,614,7,
0.6140000000000004,0,616,308,616,7,
0.6160000000000004,0,616,308,616,7,
0.6160000000000004,0,618,309,618,7,
0.6180000000000004,0,618,309,618,7,
0.6180000000000004,0,620,310,620,7,
0.6200000000000004,0,620,310,620,7,
0.6200000000000004,0,622,311,622,7,
0.6220000000000004,0,622,311,622,7,
0.6220000000000004,0,624,312,624,7,
0.6240000000000004,0,624,312,624,7,
0.6240000000000004,0,626,313,626,7,
0.6260000000000004,0,626,313,626,7,
0.6260000000000004,0,628,314,628,7,
0.6280000000000005,0,628,314,628,7,
0.6280000000000005,0,630,315,630,7,
0.6300000000000005,0,630,315,630,7,
0.6300000000000005,0,632,316,632,7,
0.6320000000000005,0,632,316,632,7,
0.6320000000000005,0,634,317,634,7,
0.6340000000000005,0,634,317,634,7,
0.6340000000000005,0,636,318,636,7,
0.6360000000000005,0,636,318,636,7,
0.6360000000000005,0,638,319,638,7,
0.6380000000000005,0,638,319,638,7,
0.6380000000000005,0,640,320,640,7,
0.6400000000000005,0,640,320,640,7,
0.6400000000000005,0,642,321,642,7,
0.6420000000000005,0,642,321,642,7,
0.6420000000000005,0,644,322,644,7,
0.6440000000000005,0,644,322,644,7,
0.6440000000000005,0,646,323,646,7,
0.6460000000000005,0,646,323,646,7,
0.6460000000000005,0,648,324,648,7,
0.6480000000000005,0,648,324,648,7,
0.6480000000000005,0,650,325,650,7,
0.6500000000000005,0,650,325,650,7,
0.6500000000000005,0,652,326,652,7,
0.6520000000000005,0,652,326,652,7,
0.6520000000000005,0,654,327,654,7,
0.6540000000000005,0,654,327,654,7,
0.6540000000000005,0,656,328,656,7,
0.6560000000000005,0,656,328,656,7,
0.6560000000000005,0,658,329,658,7,
0.6580000000000005,0,658,329,658,7,
0.6580000000000005,0,660,330,660,7,
0.6600000000000005,0,660,330,660,7,
0.6600000000000005,0,662,331,662,7,
0.6620000000000005,0,662,331,662,7,
0.6620000000000005,0,664,332,664,7,
0.6640000000000005,0,664,332,664,7,
0.6640000000000005,0,666,333,666,7,
0.6660000000000005,0,666,333,666,7,
0.6660000000000005,0,668,334,668,7,
0.6680000000000005,0,668,334,668,7,
0.6680000000000005,0,670,335,670,7,
0.6700000000000005,0,670,335,670,7,
0.6700000000000005,0,672,336,672,7,
0.6720000000000005,0,672,336,672,7,
0.6720000000000005,0,674,337,674,7,
0.6740000000000005,0,674,337,674,7,
0.6740000000000005,0,676,338,676,7,
0.6760000000000005,0,676,338,676,7,
0.6760000000000005,0,678,339,678,7,
0.6780000000000005,0,678,339,678,7,
0.6780000000000005,0,680,340,680,7,
0.6800000000000005,0,680,340,680,7,
0.6800000000000005,0,682,341,682,7,
0.6820000000000005,0,682,341,682,7,
0.6820000000000005,0,684,342,684,7,
0.6840000000000005,0,684,342,684,7,
0.6840000000000005,0,686,343,686,7,
0.6860000000000005,0,686,343,686,7,
0.6860000000000005,0,688,344,688,7,
0.6880000000000005,0,688,344,688,7,
0.6880000000000005,0,690,345,690,7,
0.6900000000000005,0,690,345,690,7,
0.6900000000000005,0,692,346,692,7,
0.6920000000000005,0,692,346,692,7,
0.6920000000000005,0,694,347,694,7,
0.6940000000000005,0,694,347,694,7,
0.6940000000000005,0,696,348,696,7,
0.6960000000000005,0,696,348,696,7,
0.6960000000000005,0,698,349,698,7,
0.6980000000000005,0,698,349,698,7,
0.6980000000000005,0,700,350,700,7,
0.7000000000000005,0,700,350,700,7,
0.7000000000000005,0,702,351,702,7,
0.7020000000000005,0,702,351,702,7,
0.7020000000000005,0,704,352,704,7,
0.7040000000000005,0,704,352,704,7,
0.7040000000000005,0,706,353,706,7,
0.7060000000000005,0,706,353,706,7,
0.7060000000000005,0,708,354,708,7,
0.7080000000000005,0,708,354,708,7,
0.7080000000000005,0,710,355,710,7,
0.7100000000000005,0,710,355,710,7,
0.7100000000000005,0,712,356,712,7,
0.7120000000000005,0,712,356,712,7,
0.7120000000000005,0,714,357,714,7,
0.7140000000000005,0,714,357,714,7,
0.7140000000000005,0,716,358,716,7,
0.7160000000000005,0,716,358,716,7,
0.7160000000000005,0,718,359,718,7,
0.7180000000000005,0,718,359,718,7,
0.7180000000000005,0,720,360,720,7,
0.7200000000000005,0,720,360,720,7,
0.7200000000000005,0,722,361,722,7,
0.7220000000000005,0,722,361,722,7,
0.7220000000000005,0,724,362,724,7,
0.7240000000000005,0,724,362,724,7,
0.7240000000000005,0,726,363,726,7,
0.7260000000000005,0,726,363,726,7,
0.7260000000000005,0,728,364,728,7,
0.7280000000000005,0,728,364,728,7,
0.7280000000000005,0,730,365,730,7,
0.7300000000000005,0,730,365,730,7,
0.7300000000000005,0,732,366,732,7,
0.7320000000000005,0,732,366,732,7,
0.7320000000000005,0,734,367,734,7,
0.7340000000000005,0,734,367,734,7,
0.7340000000000005,0,736,368,736,7,
0.7360000000000005,0,736,368,736,7,
0.7360000000000005,0,738,369,738,7,
0.7380000000000005,0,738,369,738,7,
0.7380000000000005,0,740,370,740,7,
0.7400000000000006,0,740,370,740,7,
0.7400000000000006,0,742,371,742,7,
0.7420000000000006,0,742,371,742,7,
0.7420000000000006,0,744,372,744,7,
0.7440000000000006,0,744,372,744,7,
0.7440000000000006,0,746,373,746,7,
0.7460000000000006,0,746,373,746,7,
0.7460000000000006,0,748,374,748,7,
0.7480000000000006,0,748,374,748,7,
0.7480000000000006,0,750,375,750,7,
0.7500000000000006,0,750,375,750,7,
0.7500000000000006,0,752,376,752,7,
0.7520000000000006,0,752,376,752,7,
0.7520000000000006,0,754,377,754,7,
0.7540000000000006,0,754,377,754,7,
0.7540000000000006,0,756,378,756,7,
0.7560000000000006,0,756,378,756,7,
0.7560000000000006,0,758,379,758,7,
0.7580000000000006,0,758,379,758,7,
0.7580000000000006,0,760,380,760,7,
0.7600000000000006,0,760,380,760,7,
0.7600000000000006,0,762,381,762,7,
0.7620000000000006,0,762,381,762,7,
0.7620000000000006,0,764,382,764,7,
0.7640000000000006,0,764,382,764,7,
0.7640000000000006,0,766,383,766,7,
0.7660000000000006,0,766,383,766,7,
0.7660000000000006,0,768,384,768,7,
0.7680000000000006,0,768,384,768,7,
0.7680000000000006,0,770,385,770,7,
0.7700000000000006,0,770,385,770,7,
0.7700000000000006,0,772,386,772,7,
0.7720000000000006,0,772,386,772,7,
0.7720000000000006,0,774,387,774,7,
0.7740000000000006,0,774,387,774,7,
0.7740000000000006,0,776,388,776,7,
0.7760000000000006,0,776,388,776,7,
0.7760000000000006,0,778,389,778,7,
0.7780000000000006,0,778,389,778,7,
0.7780000000000006,0,780,390,780,7,
0.7800000000000006,0,780,390,780,7,
0.7800000000000006,0,782,391,782,7,
0.7820000000000006,0,782,391,782,7,
0.7820000000000006,0,784,392,784,7,
0.7840000000000006,0,784,392,784,7,
0.7840000000000006,0,786,393,786,7,
0.7860000000000006,0,786,393,786,7,
0.7860000000000006,0,788,394,788,7,
0.7880000000000006,0,788,394,788,7,
0.7880000000000006,0,790,395,790,7,
0.7900000000000006,0,790,395,790,7,
0.7900000000000006,0,792,396,792,7,
0.7920000000000006,0,792,396,792,7,
0.7920000000000006,0,794,397,794,7,
0.7940000000000006,0,794,397,794,7,
0.7940000000000006,0,796,398,796,7,
0.7960000000000006,0,796,398,796,7,
0.7960000000000006,0,798,399,798,7,
0.7980000000000006,0,798,399,798,7,
0.7980000000000006,0,800,400,800,7,
0.8000000000000006,0,800,400,800,7,
0.8000000000000006,0,802,401,802,7,
0.8020000000000006,0,802,401,802,7,
0.8020000000000006,0,804,402,804,7,
0.8040000000000006,0,804,402,804,7,
0.8040000000000006,0,806,403,806,7,
0.8060000000000006,0,806,403,806,7,
0.8060000000000006,0,808,404,808,7,
0.8080000000000006,0,808,404,808,7,
0.8080000000000006,0,810,405,810,7,
0.8100000000000006,0,810,405,810,7,
0.8100000000000006,0,812,406,812,7,
0.8120000000000006,0,812,406,812,7,
0.8120000000000006,0,814,407,814,7,
0.8140000000000006,0,814,407,814,7,
0.8140000000000006,0,816,408,816,7,
0.8160000000000006,0,816,408,816,7,
0.8160000000000006,0,818,409,818,7,
0.8180000000000006,0,818,409,818,7,
0.8180000000000006,0,820,410,820,7,
0.8200000000000006,0,820,410,820,7,
0.8200000000000006,0,822,411,822,7,
0.8220000000000006,0,822,411,822,7,
0.8220000000000006,0,824,412,824,7,
0.8240000000000006,0,824,412,824,7,
0.8240000000000006,0,826,413,826,7,
0.8260000000000006,0,826,413,826,7,
0.8260000000000006,0,828,414,828,7,
0.8280000000000006,0,828,414,828,7,
0.8280000000000006,0,830,415,830,7,
0.8300000000000006,0,830,415,830,7,
0.8300000000000006,0,832,416,832,7,
0.8320000000000006,0,832,416,832,7,
0.8320000000000006,0,834,417,834,7,
0.8340000000000006,0,834,417,834,7,
0.8340000000000006,0,836,418,836,7,
0.8360000000000006,0,836,418,836,7,
0.8360000000000006,0,838,419,838,7,
0.8380000000000006,0,838,419,838,7,
0.8380000000000006,0,840,420,840,7,
0.8400000000000006,0,840,420,840,7,
0.8400000000000006,0,842,421,842,7,
0.8420000000000006,0,842,421,842,7,
0.8420000000000006,0,844,422,844,7,
0.8440000000000006,0,844,422,844,7,
0.8440000000000006,0,846,423,846,7,
0.8460000000000006,0,846,423,846,7,
0.8460000000000006,0,848,424,848,7,
0.8480000000000006,0,848,424,848,7,
0.8480000000000006,0,850,425,850,7,
0.8500000000000006,0,850,425,850,7,
0.8500000000000006,0,852,426,852,7,
0.8520000000000007,0,852,426,852,7,
0.8520000000000007,0,854,427,854,7,
0.8540000000000007,0,854,427,854,7,
0.8540000000000007,0,856,428,856,7,
0.8560000000000007,0,856,428,856,7,
0.8560000000000007,0,858,429,858,7,
0.8580000000000007,0,858,429,858,7,
0.8580000000000007,0,860,430,860,7,
0.8600000000000007,0,860,430,860,7,
0.8600000000000007,0,862,431,862,7,
0.8620000000000007,0,862,431,862,7,
0.8620000000000007,0,864,432,864,7,
0.8640000000000007,0,864,432,864,7,
0.8640000000000007,0,866,433,866,7,
0.8660000000000007,0,866,433,866,7,
0.8660000000000007,0,868,434,868,7,
0.8680000000000007,0,868,434,868,7,
0.8680000000000007,0,870,435,870,7,
0.8700000000000007,0,870,435,870,7,
0.8700000000000007,0,872,436,872,7,
0.8720000000000007,0,872,436,872,7,
0.8720000000000007,0,874,437,874,7,
0.8740000000000007,0,874,437,874,7,
0.8740000000000007,0,876,438,876,7,
0.8760000000000007,0,876,438,876,7,
0.8760000000000007,0,878,439,878,7,
0.8780000000000007,0,878,439,878,7,
0.8780000000000007,0,880,440,880,7,
0.8800000000000007,0,880,440,880,7,
0.8800000000000007,0,882,441,882,7,
0.8820000000000007,0,882,441,882,7,
0.8820000000000007,0,884,442,884,7,
0.8840000000000007,0,884,442,884,7,
0.8840000000000007,0,886,443,886,7,
0.8860000000000007,0,886,443,886,7,
0.8860000000000007,0,888,444,888,7,
0.8880000000000007,0,888,444,888,7,
0.8880000000000007,0,890,445,890,7,
0.8900000000000007,0,890,445,890,7,
0.8900000000000007,0,892,446,892,7,
0.8920000000000007,0,892,446,892,7,
0.8920000000000007,0,894,447,894,7,
0.8940000000000007,0,894,447,894,7,
0.8940000000000007,0,896,448,896,7,
0.8960000000000007,0,896,448,896,7,
0.8960000000000007,0,898,449,898,7,
0.8980000000000007,0,898,449,898,7,
0.8980000000000007,0,900,450,900,7,
0.9000000000000007,0,900,450,900,7,
0.9000000000000007,0,902,451,902,7,
0.9020000000000007,0,902,451,902,7,
0.9020000000000007,0,904,452,904,7,
0.9040000000000007,0,904,452,904,7,
0.9040000000000007,0,906,453,906,7,
0.9060000000000007,0,906,453,906,7,
0.9060000000000007,0,908,454,908,7,
0.9080000000000007,0,908,454,908,7,
0.9080000000000007,0,910,455,910,7,
0.9100000000000007,0,910,455,910,7,
0.9100000000000007,0,912,456,912,7,
0.9120000000000007,0,912,456,912,7,
0.9120000000000007,0,914,457,914,7,
0.9140000000000007,0,914,457,914,7,
0.9140000000000007,0,916,458,916,7,
0.9160000000000007,0,916,458,916,7,
0.9160000000000007,0,918,459,918,7,
0.9180000000000007,0,918,459,918,7,
0.9180000000000007,0,920,460,920,7,
0.9200000000000007,0,920,460,920,7,
0.9200000000000007,0,922,461,922,7,
0.9220000000000007,0,922,461,922,7,
0.9220000000000007,0,924,462,924,7,
0.9240000000000007,0,924,462,924,7,
0.9240000000000007,0,926,463,926,7,
0.9260000000000007,0,926,463,926,7,
0.9260000000000007,0,928,464,928,7,
0.9280000000000007,0,928,464,928,7,
0.9280000000000007,0,930,465,930,7,
0.9300000000000007,0,930,465,930,7,
0.9300000000000007,0,932,466,932,7,
0.9320000000000007,0,932,466,932,7,
0.9320000000000007,0,934,467,934,7,
0.9340000000000007,0,934,467,934,7,
0.9340000000000007,0,936,468,936,7,
0.9360000000000007,0,936,468,936,7,
0.9360000000000007,0,938,469,938,7,
0.9380000000000007,0,938,469,938,7,
0.9380000000000007,0,940,470,940,7,
0.9400000000000007,0,940,470,940,7,
0.9400000000000007,0,942,471,942,7,
0.9420000000000007,0,942,471,942,7,
0.9420000000000007,0,944,472,944,7,
0.9440000000000007,0,944,472,944,7,
0.9440000000000007,0,946,473,946,7,
0.9460000000000007,0,946,473,946,7,
0.9460000000000007,0,948,474,948,7,
0.9480000000000007,0,948,474,948,7,
0.9480000000000007,0,950,475,950,7,
0.9500000000000007,0,950,475,950,7,
0.9500000000000007,0,952,476,952,7,
0.9520000000000007,0,952,476,952,7,
0.9520000000000007,0,954,477,954,7,
0.9540000000000007,0,954,477,954,7,
0.9540000000000007,0,956,478,956,7,
0.9560000000000007,0,956,478,956,7,
0.9560000000000007,0,958,479,958,7,
0.9580000000000007,0,958,479,958,7,
0.9580000000000007,0,960,480,960,7,
0.9600000000000007,0,960,480,960,7,
0.9600000000000007,0,962,481,962,7,
0.9620000000000007,0,962,481,962,7,
0.9620000000000007,0,964,482,964,7,
0.9640000000000008,0,964,482,964,7,
0.9640000000000008,0,966,483,966,7,
0.9660000000000008,0,966,483,966,7,
0.9660000000000008,0,968,484,968,7,
0.9680000000000008,0,968,484,968,7,
0.9680000000000008,0,970,485,970,7,
0.9700000000000008,0,970,485,970,7,
0.9700000000000008,0,972,486,972,7,
0.9720000000000008,0,972,486,972,7,
0.9720000000000008,0,974,487,974,7,
0.9740000000000008,0,974,487,974,7,
0.9740000000000008,0,976,488,976,7,
0.9760000000000008,0,976,488,976,7,
0.9760000000000008,0,978,489,978,7,
0.9780000000000008,0,978,489,978,7,
0.9780000000000008,0,980,490,980,7,
0.9800000000000008,0,980,490,980,7,
0.9800000000000008,0,982,491,982,7,
0.9820000000000008,0,982,491,982,7,
0.9820000000000008,0,984,492,984,7,
0.9840000000000008,0,984,492,984,7,
0.9840000000000008,0,986,493,986,7,
0.9860000000000008,0,986,493,986,7,
0.9860000000000008,0,988,494,988,7,
0.9880000000000008,0,988,494,988,7,
0.9880000000000008,0,990,495,990,7,
0.9900000000000008,0,990,495,990,7,
0.9900000000000008,0,992,496,992,7,
0.9920000000000008,0,992,496,992,7,
0.9920000000000008,0,994,497,994,7,
0.9940000000000008,0,994,497,994,7,
0.9940000000000008,0,996,498,996,7,
0.9960000000000008,0,996,498,996,7,
0.9960000000000008,0,998,499,998,7,
0.9980000000000008,0,998,499,998,7,
0.9980000000000008,0,1000,500,1000,7,
1.000000000000001,0,1000,500,1000,7,
1.000000000000001,0,1002,501,1002,7,
1.000000000000001,0,1002,501,1002,7,
