"time","resistor2.LossPower","resistor2.v","resistor1.LossPower","resistor1.v","constantvoltage1.i","ground1.p.i","resistor2.R_actual","resistor1.R_actual","ground1.p.v","resistor2.p.v","constantvoltage1.n.v","resistor2.n.v","constantvoltage1.p.i","resistor1.p.i","resistor1.i","resistor1.n.i","resistor2.p.i","resistor2.i","resistor2.n.i","constantvoltage1.n.i","resistor1.n.v",
0,0.00025,0.5,0.00025,0.5,-0.0005,0,1000,1000,0,0.5,0,0,-0.0005,0.0005,0.0005,-0.0005,0.0005,0.0005,-0.0005,0.0005,0.5,
0.002,0.00025,0.5,0.00025,0.5,-0.0005,0,1000,1000,0,0.5,0,0,-0.0005,0.0005,0.0005,-0.0005,0.0005,0.0005,-0.0005,0.0005,0.5,
0.004,0.00025,0.5,0.00025,0.5,-0.0005,0,1000,1000,0,0.5,0,0,-0.0005,0.0005,0.0005,-0.0005,0.0005,0.0005,-0.0005,0.0005,0.5,
0.006,0.00025,0.5,0.00025,0.5,-0.0005,0,1000,1000,0,0.5,0,0,-0.0005,0.0005,0.0005,-0.0005,0.0005,0.0005,-0.0005,0.0005,0.5,
0.008,0.00025,0.5,0.00025,0.5,-0.0005,0,1000,1000,0,0.5,0,0,-0.0005,0.0005,0.0005,-0.0005,0.0005,0.0005,-0.0005,0.0005,0.5,
0.01,0.00025,0.5,0.00025,0.5,-0.0005,0,1000,1000,0,0.5,0,0,-0.0005,0.0005,0.0005,-0.0005,0.0005,0.0005,-0.0005,0.0005,0.5,
0.012,0.00025,0.5,0.00025,0.5,-0.0005,0,1000,1000,0,0.5,0,0,-0.0005,0.0005,0.0005,-0.0005,0.0005,0.0005,-0.0005,0.0005,0.5,
0.014,0.00025,0.5,0.00025,0.5,-0.0005,0,1000,1000,0,0.5,0,0,-0.0005,0.0005,0.0005,-0.0005,0.0005,0.0005,-0.0005,0.0005,0.5,
0.016,0.00025,0.5,0.00025,0.5,-0.0005,0,1000,1000,0,0.5,0,0,-0.0005,0.0005,0.0005,-0.0005,0.0005,0.0005,-0.0005,0.0005,0.5,
0.018,0.00025,0.5,0.00025,0.5,-0.0005,0,1000,1000,0,0.5,0,0,-0.0005,0.0005,0.0005,-0.0005,0.0005,0.0005,-0.0005,0.0005,0.5,
0.02,0.00025,0.5,0.00025,0.5,-0.0005,0,1000,1000,0,0.5,0,0,-0.0005,0.0005,0.0005,-0.0005,0.0005,0.0005,-0.0005,0.0005,0.5,
0.022,0.00025,0.5,0.00025,0.5,-0.0005,0,1000,1000,0,0.5,0,0,-0.0005,0.0005,0.0005,-0.0005,0.0005,0.0005,-0.0005,0.0005,0.5,
0.024,0.00025,0.5,0.00025,0.5,-0.0005,0,1000,1000,0,0.5,0,0,-0.0005,0.0005,0.0005,-0.0005,0.0005,0.0005,-0.0005,0.0005,0.5,
0.026,0.00025,0.5,0.00025,0.5,-0.0005,0,1000,1000,0,0.5,0,0,-0.0005,0.0005,0.0005,-0.0005,0.0005,0.0005,-0.0005,0.0005,0.5,
0.028,0.00025,0.5,0.00025,0.5,-0.0005,0,1000,1000,0,0.5,0,0,-0.0005,0.0005,0.0005,-0.0005,0.0005,0.0005,-0.0005,0.0005,0.5,
0.03,0.00025,0.5,0.00025,0.5,-0.0005,0,1000,1000,0,0.5,0,0,-0.0005,0.0005,0.0005,-0.0005,0.0005,0.0005,-0.0005,0.0005,0.5,
0.032,0.00025,0.5,0.00025,0.5,-0.0005,0,1000,1000,0,0.5,0,0,-0.0005,0.0005,0.0005,-0.0005,0.0005,0.0005,-0.0005,0.0005,0.5,
0.034,0.00025,0.5,0.00025,0.5,-0.0005,0,1000,1000,0,0.5,0,0,-0.0005,0.0005,0.0005,-0.0005,0.0005,0.0005,-0.0005,0.0005,0.5,
0.036,0.00025,0.5,0.00025,0.5,-0.0005,0,1000,1000,0,0.5,0,0,-0.0005,0.0005,0.0005,-0.0005,0.0005,0.0005,-0.0005,0.0005,0.5,
0.038,0.00025,0.5,0.00025,0.5,-0.0005,0,1000,1000,0,0.5,0,0,-0.0005,0.0005,0.0005,-0.0005,0.0005,0.0005,-0.0005,0.0005,0.5,
0.04,0.00025,0.5,0.00025,0.5,-0.0005,0,1000,1000,0,0.5,0,0,-0.0005,0.0005,0.0005,-0.0005,0.0005,0.0005,-0.0005,0.0005,0.5,
0.042,0.00025,0.5,0.00025,0.5,-0.0005,0,1000,1000,0,0.5,0,0,-0.0005,0.0005,0.0005,-0.0005,0.0005,0.0005,-0.0005,0.0005,0.5,
0.044,0.00025,0.5,0.00025,0.5,-0.0005,0,1000,1000,0,0.5,0,0,-0.0005,0.0005,0.0005,-0.0005,0.0005,0.0005,-0.0005,0.0005,0.5,
0.046,0.00025,0.5,0.00025,0.5,-0.0005,0,1000,1000,0,0.5,0,0,-0.0005,0.0005,0.0005,-0.0005,0.0005,0.0005,-0.0005,0.0005,0.5,
0.048,0.00025,0.5,0.00025,0.5,-0.0005,0,1000,1000,0,0.5,0,0,-0.0005,0.0005,0.0005,-0.0005,0.0005,0.0005,-0.0005,0.0005,0.5,
0.05,0.00025,0.5,0.00025,0.5,-0.0005,0,1000,1000,0,0.5,0,0,-0.0005,0.0005,0.0005,-0.0005,0.0005,0.0005,-0.0005,0.0005,0.5,
0.052,0.00025,0.5,0.00025,0.5,-0.0005,0,1000,1000,0,0.5,0,0,-0.0005,0.0005,0.0005,-0.0005,0.0005,0.0005,-0.0005,0.0005,0.5,
0.054,0.00025,0.5,0.00025,0.5,-0.0005,0,1000,1000,0,0.5,0,0,-0.0005,0.0005,0.0005,-0.0005,0.0005,0.0005,-0.0005,0.0005,0.5,
0.056,0.00025,0.5,0.00025,0.5,-0.0005,0,1000,1000,0,0.5,0,0,-0.0005,0.0005,0.0005,-0.0005,0.0005,0.0005,-0.0005,0.0005,0.5,
0.058,0.00025,0.5,0.00025,0.5,-0.0005,0,1000,1000,0,0.5,0,0,-0.0005,0.0005,0.0005,-0.0005,0.0005,0.0005,-0.0005,0.0005,0.5,
0.06,0.00025,0.5,0.00025,0.5,-0.0005,0,1000,1000,0,0.5,0,0,-0.0005,0.0005,0.0005,-0.0005,0.0005,0.0005,-0.0005,0.0005,0.5,
0.062,0.00025,0.5,0.00025,0.5,-0.0005,0,1000,1000,0,0.5,0,0,-0.0005,0.0005,0.0005,-0.0005,0.0005,0.0005,-0.0005,0.0005,0.5,
0.064,0.00025,0.5,0.00025,0.5,-0.0005,0,1000,1000,0,0.5,0,0,-0.0005,0.0005,0.0005,-0.0005,0.0005,0.0005,-0.0005,0.0005,0.5,
0.066,0.00025,0.5,0.00025,0.5,-0.0005,0,1000,1000,0,0.5,0,0,-0.0005,0.0005,0.0005,-0.0005,0.0005,0.0005,-0.0005,0.0005,0.5,
0.068,0.00025,0.5,0.00025,0.5,-0.0005,0,1000,1000,0,0.5,0,0,-0.0005,0.0005,0.0005,-0.0005,0.0005,0.0005,-0.0005,0.0005,0.5,
0.07000000000000001,0.00025,0.5,0.00025,0.5,-0.0005,0,1000,1000,0,0.5,0,0,-0.0005,0.0005,0.0005,-0.0005,0.0005,0.0005,-0.0005,0.0005,0.5,
0.07199999999999999,0.00025,0.5,0.00025,0.5,-0.0005,0,1000,1000,0,0.5,0,0,-0.0005,0.0005,0.0005,-0.0005,0.0005,0.0005,-0.0005,0.0005,0.5,
0.074,0.00025,0.5,0.00025,0.5,-0.0005,0,1000,1000,0,0.5,0,0,-0.0005,0.0005,0.0005,-0.0005,0.0005,0.0005,-0.0005,0.0005,0.5,
0.076,0.00025,0.5,0.00025,0.5,-0.0005,0,1000,1000,0,0.5,0,0,-0.0005,0.0005,0.0005,-0.0005,0.0005,0.0005,-0.0005,0.0005,0.5,
0.078,0.00025,0.5,0.00025,0.5,-0.0005,0,1000,1000,0,0.5,0,0,-0.0005,0.0005,0.0005,-0.0005,0.0005,0.0005,-0.0005,0.0005,0.5,
0.08,0.00025,0.5,0.00025,0.5,-0.0005,0,1000,1000,0,0.5,0,0,-0.0005,0.0005,0.0005,-0.0005,0.0005,0.0005,-0.0005,0.0005,0.5,
0.082,0.00025,0.5,0.00025,0.5,-0.0005,0,1000,1000,0,0.5,0,0,-0.0005,0.0005,0.0005,-0.0005,0.0005,0.0005,-0.0005,0.0005,0.5,
0.08400000000000001,0.00025,0.5,0.00025,0.5,-0.0005,0,1000,1000,0,0.5,0,0,-0.0005,0.0005,0.0005,-0.0005,0.0005,0.0005,-0.0005,0.0005,0.5,
0.08599999999999999,0.00025,0.5,0.00025,0.5,-0.0005,0,1000,1000,0,0.5,0,0,-0.0005,0.0005,0.0005,-0.0005,0.0005,0.0005,-0.0005,0.0005,0.5,
0.08799999999999999,0.00025,0.5,0.00025,0.5,-0.0005,0,1000,1000,0,0.5,0,0,-0.0005,0.0005,0.0005,-0.0005,0.0005,0.0005,-0.0005,0.0005,0.5,
0.09,0.00025,0.5,0.00025,0.5,-0.0005,0,1000,1000,0,0.5,0,0,-0.0005,0.0005,0.0005,-0.0005,0.0005,0.0005,-0.0005,0.0005,0.5,
0.092,0.00025,0.5,0.00025,0.5,-0.0005,0,1000,1000,0,0.5,0,0,-0.0005,0.0005,0.0005,-0.0005,0.0005,0.0005,-0.0005,0.0005,0.5,
0.094,0.00025,0.5,0.00025,0.5,-0.0005,0,1000,1000,0,0.5,0,0,-0.0005,0.0005,0.0005,-0.0005,0.0005,0.0005,-0.0005,0.0005,0.5,
0.096,0.00025,0.5,0.00025,0.5,-0.0005,0,1000,1000,0,0.5,0,0,-0.0005,0.0005,0.0005,-0.0005,0.0005,0.0005,-0.0005,0.0005,0.5,
0.098,0.00025,0.5,0.00025,0.5,-0.0005,0,1000,1000,0,0.5,0,0,-0.0005,0.0005,0.0005,-0.0005,0.0005,0.0005,-0.0005,0.0005,0.5,
0.1,0.00025,0.5,0.00025,0.5,-0.0005,0,1000,1000,0,0.5,0,0,-0.0005,0.0005,0.0005,-0.0005,0.0005,0.0005,-0.0005,0.0005,0.5,
0.102,0.00025,0.5,0.00025,0.5,-0.0005,0,1000,1000,0,0.5,0,0,-0.0005,0.0005,0.0005,-0.0005,0.0005,0.0005,-0.0005,0.0005,0.5,
0.104,0.00025,0.5,0.00025,0.5,-0.0005,0,1000,1000,0,0.5,0,0,-0.0005,0.0005,0.0005,-0.0005,0.0005,0.0005,-0.0005,0.0005,0.5,
0.106,0.00025,0.5,0.00025,0.5,-0.0005,0,1000,1000,0,0.5,0,0,-0.0005,0.0005,0.0005,-0.0005,0.0005,0.0005,-0.0005,0.0005,0.5,
0.108,0.00025,0.5,0.00025,0.5,-0.0005,0,1000,1000,0,0.5,0,0,-0.0005,0.0005,0.0005,-0.0005,0.0005,0.0005,-0.0005,0.0005,0.5,
0.11,0.00025,0.5,0.00025,0.5,-0.0005,0,1000,1000,0,0.5,0,0,-0.0005,0.0005,0.0005,-0.0005,0.0005,0.0005,-0.0005,0.0005,0.5,
0.112,0.00025,0.5,0.00025,0.5,-0.0005,0,1000,1000,0,0.5,0,0,-0.0005,0.0005,0.0005,-0.0005,0.0005,0.0005,-0.0005,0.0005,0.5,
0.114,0.00025,0.5,0.00025,0.5,-0.0005,0,1000,1000,0,0.5,0,0,-0.0005,0.0005,0.0005,-0.0005,0.0005,0.0005,-0.0005,0.0005,0.5,
0.116,0.00025,0.5,0.00025,0.5,-0.0005,0,1000,1000,0,0.5,0,0,-0.0005,0.0005,0.0005,-0.0005,0.0005,0.0005,-0.0005,0.0005,0.5,
0.118,0.00025,0.5,0.00025,0.5,-0.0005,0,1000,1000,0,0.5,0,0,-0.0005,0.0005,0.0005,-0.0005,0.0005,0.0005,-0.0005,0.0005,0.5,
0.12,0.00025,0.5,0.00025,0.5,-0.0005,0,1000,1000,0,0.5,0,0,-0.0005,0.0005,0.0005,-0.0005,0.0005,0.0005,-0.0005,0.0005,0.5,
0.122,0.00025,0.5,0.00025,0.5,-0.0005,0,1000,1000,0,0.5,0,0,-0.0005,0.0005,0.0005,-0.0005,0.0005,0.0005,-0.0005,0.0005,0.5,
0.124,0.00025,0.5,0.00025,0.5,-0.0005,0,1000,1000,0,0.5,0,0,-0.0005,0.0005,0.0005,-0.0005,0.0005,0.0005,-0.0005,0.0005,0.5,
0.126,0.00025,0.5,0.00025,0.5,-0.0005,0,1000,1000,0,0.5,0,0,-0.0005,0.0005,0.0005,-0.0005,0.0005,0.0005,-0.0005,0.0005,0.5,
0.128,0.00025,0.5,0.00025,0.5,-0.0005,0,1000,1000,0,0.5,0,0,-0.0005,0.0005,0.0005,-0.0005,0.0005,0.0005,-0.0005,0.0005,0.5,
0.13,0.00025,0.5,0.00025,0.5,-0.0005,0,1000,1000,0,0.5,0,0,-0.0005,0.0005,0.0005,-0.0005,0.0005,0.0005,-0.0005,0.0005,0.5,
0.132,0.00025,0.5,0.00025,0.5,-0.0005,0,1000,1000,0,0.5,0,0,-0.0005,0.0005,0.0005,-0.0005,0.0005,0.0005,-0.0005,0.0005,0.5,
0.134,0.00025,0.5,0.00025,0.5,-0.0005,0,1000,1000,0,0.5,0,0,-0.0005,0.0005,0.0005,-0.0005,0.0005,0.0005,-0.0005,0.0005,0.5,
0.136,0.00025,0.5,0.00025,0.5,-0.0005,0,1000,1000,0,0.5,0,0,-0.0005,0.0005,0.0005,-0.0005,0.0005,0.0005,-0.0005,0.0005,0.5,
0.138,0.00025,0.5,0.00025,0.5,-0.0005,0,1000,1000,0,0.5,0,0,-0.0005,0.0005,0.0005,-0.0005,0.0005,0.0005,-0.0005,0.0005,0.5,
0.14,0.00025,0.5,0.00025,0.5,-0.0005,0,1000,1000,0,0.5,0,0,-0.0005,0.0005,0.0005,-0.0005,0.0005,0.0005,-0.0005,0.0005,0.5,
0.142,0.00025,0.5,0.00025,0.5,-0.0005,0,1000,1000,0,0.5,0,0,-0.0005,0.0005,0.0005,-0.0005,0.0005,0.0005,-0.0005,0.0005,0.5,
0.144,0.00025,0.5,0.00025,0.5,-0.0005,0,1000,1000,0,0.5,0,0,-0.0005,0.0005,0.0005,-0.0005,0.0005,0.0005,-0.0005,0.0005,0.5,
0.146,0.00025,0.5,0.00025,0.5,-0.0005,0,1000,1000,0,0.5,0,0,-0.0005,0.0005,0.0005,-0.0005,0.0005,0.0005,-0.0005,0.0005,0.5,
0.148,0.00025,0.5,0.00025,0.5,-0.0005,0,1000,1000,0,0.5,0,0,-0.0005,0.0005,0.0005,-0.0005,0.0005,0.0005,-0.0005,0.0005,0.5,
0.15,0.00025,0.5,0.00025,0.5,-0.0005,0,1000,1000,0,0.5,0,0,-0.0005,0.0005,0.0005,-0.0005,0.0005,0.0005,-0.0005,0.0005,0.5,
0.152,0.00025,0.5,0.00025,0.5,-0.0005,0,1000,1000,0,0.5,0,0,-0.0005,0.0005,0.0005,-0.0005,0.0005,0.0005,-0.0005,0.0005,0.5,
0.154,0.00025,0.5,0.00025,0.5,-0.0005,0,1000,1000,0,0.5,0,0,-0.0005,0.0005,0.0005,-0.0005,0.0005,0.0005,-0.0005,0.0005,0.5,
0.156,0.00025,0.5,0.00025,0.5,-0.0005,0,1000,1000,0,0.5,0,0,-0.0005,0.0005,0.0005,-0.0005,0.0005,0.0005,-0.0005,0.0005,0.5,
0.158,0.00025,0.5,0.00025,0.5,-0.0005,0,1000,1000,0,0.5,0,0,-0.0005,0.0005,0.0005,-0.0005,0.0005,0.0005,-0.0005,0.0005,0.5,
0.16,0.00025,0.5,0.00025,0.5,-0.0005,0,1000,1000,0,0.5,0,0,-0.0005,0.0005,0.0005,-0.0005,0.0005,0.0005,-0.0005,0.0005,0.5,
0.162,0.00025,0.5,0.00025,0.5,-0.0005,0,1000,1000,0,0.5,0,0,-0.0005,0.0005,0.0005,-0.0005,0.0005,0.0005,-0.0005,0.0005,0.5,
0.164,0.00025,0.5,0.00025,0.5,-0.0005,0,1000,1000,0,0.5,0,0,-0.0005,0.0005,0.0005,-0.0005,0.0005,0.0005,-0.0005,0.0005,0.5,
0.166,0.00025,0.5,0.00025,0.5,-0.0005,0,1000,1000,0,0.5,0,0,-0.0005,0.0005,0.0005,-0.0005,0.0005,0.0005,-0.0005,0.0005,0.5,
0.168,0.00025,0.5,0.00025,0.5,-0.0005,0,1000,1000,0,0.5,0,0,-0.0005,0.0005,0.0005,-0.0005,0.0005,0.0005,-0.0005,0.0005,0.5,
0.17,0.00025,0.5,0.00025,0.5,-0.0005,0,1000,1000,0,0.5,0,0,-0.0005,0.0005,0.0005,-0.0005,0.0005,0.0005,-0.0005,0.0005,0.5,
0.172,0.00025,0.5,0.00025,0.5,-0.0005,0,1000,1000,0,0.5,0,0,-0.0005,0.0005,0.0005,-0.0005,0.0005,0.0005,-0.0005,0.0005,0.5,
0.174,0.00025,0.5,0.00025,0.5,-0.0005,0,1000,1000,0,0.5,0,0,-0.0005,0.0005,0.0005,-0.0005,0.0005,0.0005,-0.0005,0.0005,0.5,
0.176,0.00025,0.5,0.00025,0.5,-0.0005,0,1000,1000,0,0.5,0,0,-0.0005,0.0005,0.0005,-0.0005,0.0005,0.0005,-0.0005,0.0005,0.5,
0.178,0.00025,0.5,0.00025,0.5,-0.0005,0,1000,1000,0,0.5,0,0,-0.0005,0.0005,0.0005,-0.0005,0.0005,0.0005,-0.0005,0.0005,0.5,
0.18,0.00025,0.5,0.00025,0.5,-0.0005,0,1000,1000,0,0.5,0,0,-0.0005,0.0005,0.0005,-0.0005,0.0005,0.0005,-0.0005,0.0005,0.5,
0.182,0.00025,0.5,0.00025,0.5,-0.0005,0,1000,1000,0,0.5,0,0,-0.0005,0.0005,0.0005,-0.0005,0.0005,0.0005,-0.0005,0.0005,0.5,
0.184,0.00025,0.5,0.00025,0.5,-0.0005,0,1000,1000,0,0.5,0,0,-0.0005,0.0005,0.0005,-0.0005,0.0005,0.0005,-0.0005,0.0005,0.5,
0.186,0.00025,0.5,0.00025,0.5,-0.0005,0,1000,1000,0,0.5,0,0,-0.0005,0.0005,0.0005,-0.0005,0.0005,0.0005,-0.0005,0.0005,0.5,
0.188,0.00025,0.5,0.00025,0.5,-0.0005,0,1000,1000,0,0.5,0,0,-0.0005,0.0005,0.0005,-0.0005,0.0005,0.0005,-0.0005,0.0005,0.5,
0.19,0.00025,0.5,0.00025,0.5,-0.0005,0,1000,1000,0,0.5,0,0,-0.0005,0.0005,0.0005,-0.0005,0.0005,0.0005,-0.0005,0.0005,0.5,
0.192,0.00025,0.5,0.00025,0.5,-0.0005,0,1000,1000,0,0.5,0,0,-0.0005,0.0005,0.0005,-0.0005,0.0005,0.0005,-0.0005,0.0005,0.5,
0.194,0.00025,0.5,0.00025,0.5,-0.0005,0,1000,1000,0,0.5,0,0,-0.0005,0.0005,0.0005,-0.0005,0.0005,0.0005,-0.0005,0.0005,0.5,
0.196,0.00025,0.5,0.00025,0.5,-0.0005,0,1000,1000,0,0.5,0,0,-0.0005,0.0005,0.0005,-0.0005,0.0005,0.0005,-0.0005,0.0005,0.5,
0.198,0.00025,0.5,0.00025,0.5,-0.0005,0,1000,1000,0,0.5,0,0,-0.0005,0.0005,0.0005,-0.0005,0.0005,0.0005,-0.0005,0.0005,0.5,
0.2,0.00025,0.5,0.00025,0.5,-0.0005,0,1000,1000,0,0.5,0,0,-0.0005,0.0005,0.0005,-0.0005,0.0005,0.0005,-0.0005,0.0005,0.5,
0.202,0.00025,0.5,0.00025,0.5,-0.0005,0,1000,1000,0,0.5,0,0,-0.0005,0.0005,0.0005,-0.0005,0.0005,0.0005,-0.0005,0.0005,0.5,
0.204,0.00025,0.5,0.00025,0.5,-0.0005,0,1000,1000,0,0.5,0,0,-0.0005,0.0005,0.0005,-0.0005,0.0005,0.0005,-0.0005,0.0005,0.5,
0.206,0.00025,0.5,0.00025,0.5,-0.0005,0,1000,1000,0,0.5,0,0,-0.0005,0.0005,0.0005,-0.0005,0.0005,0.0005,-0.0005,0.0005,0.5,
0.208,0.00025,0.5,0.00025,0.5,-0.0005,0,1000,1000,0,0.5,0,0,-0.0005,0.0005,0.0005,-0.0005,0.0005,0.0005,-0.0005,0.0005,0.5,
0.21,0.00025,0.5,0.00025,0.5,-0.0005,0,1000,1000,0,0.5,0,0,-0.0005,0.0005,0.0005,-0.0005,0.0005,0.0005,-0.0005,0.0005,0.5,
0.212,0.00025,0.5,0.00025,0.5,-0.0005,0,1000,1000,0,0.5,0,0,-0.0005,0.0005,0.0005,-0.0005,0.0005,0.0005,-0.0005,0.0005,0.5,
0.214,0.00025,0.5,0.00025,0.5,-0.0005,0,1000,1000,0,0.5,0,0,-0.0005,0.0005,0.0005,-0.0005,0.0005,0.0005,-0.0005,0.0005,0.5,
0.216,0.00025,0.5,0.00025,0.5,-0.0005,0,1000,1000,0,0.5,0,0,-0.0005,0.0005,0.0005,-0.0005,0.0005,0.0005,-0.0005,0.0005,0.5,
0.218,0.00025,0.5,0.00025,0.5,-0.0005,0,1000,1000,0,0.5,0,0,-0.0005,0.0005,0.0005,-0.0005,0.0005,0.0005,-0.0005,0.0005,0.5,
0.22,0.00025,0.5,0.00025,0.5,-0.0005,0,1000,1000,0,0.5,0,0,-0.0005,0.0005,0.0005,-0.0005,0.0005,0.0005,-0.0005,0.0005,0.5,
0.222,0.00025,0.5,0.00025,0.5,-0.0005,0,1000,1000,0,0.5,0,0,-0.0005,0.0005,0.0005,-0.0005,0.0005,0.0005,-0.0005,0.0005,0.5,
0.224,0.00025,0.5,0.00025,0.5,-0.0005,0,1000,1000,0,0.5,0,0,-0.0005,0.0005,0.0005,-0.0005,0.0005,0.0005,-0.0005,0.0005,0.5,
0.226,0.00025,0.5,0.00025,0.5,-0.0005,0,1000,1000,0,0.5,0,0,-0.0005,0.0005,0.0005,-0.0005,0.0005,0.0005,-0.0005,0.0005,0.5,
0.228,0.00025,0.5,0.00025,0.5,-0.0005,0,1000,1000,0,0.5,0,0,-0.0005,0.0005,0.0005,-0.0005,0.0005,0.0005,-0.0005,0.0005,0.5,
0.23,0.00025,0.5,0.00025,0.5,-0.0005,0,1000,1000,0,0.5,0,0,-0.0005,0.0005,0.0005,-0.0005,0.0005,0.0005,-0.0005,0.0005,0.5,
0.232,0.00025,0.5,0.00025,0.5,-0.0005,0,1000,1000,0,0.5,0,0,-0.0005,0.0005,0.0005,-0.0005,0.0005,0.0005,-0.0005,0.0005,0.5,
0.234,0.00025,0.5,0.00025,0.5,-0.0005,0,1000,1000,0,0.5,0,0,-0.0005,0.0005,0.0005,-0.0005,0.0005,0.0005,-0.0005,0.0005,0.5,
0.236,0.00025,0.5,0.00025,0.5,-0.0005,0,1000,1000,0,0.5,0,0,-0.0005,0.0005,0.0005,-0.0005,0.0005,0.0005,-0.0005,0.0005,0.5,
0.238,0.00025,0.5,0.00025,0.5,-0.0005,0,1000,1000,0,0.5,0,0,-0.0005,0.0005,0.0005,-0.0005,0.0005,0.0005,-0.0005,0.0005,0.5,
0.24,0.00025,0.5,0.00025,0.5,-0.0005,0,1000,1000,0,0.5,0,0,-0.0005,0.0005,0.0005,-0.0005,0.0005,0.0005,-0.0005,0.0005,0.5,
0.242,0.00025,0.5,0.00025,0.5,-0.0005,0,1000,1000,0,0.5,0,0,-0.0005,0.0005,0.0005,-0.0005,0.0005,0.0005,-0.0005,0.0005,0.5,
0.244,0.00025,0.5,0.00025,0.5,-0.0005,0,1000,1000,0,0.5,0,0,-0.0005,0.0005,0.0005,-0.0005,0.0005,0.0005,-0.0005,0.0005,0.5,
0.246,0.00025,0.5,0.00025,0.5,-0.0005,0,1000,1000,0,0.5,0,0,-0.0005,0.0005,0.0005,-0.0005,0.0005,0.0005,-0.0005,0.0005,0.5,
0.248,0.00025,0.5,0.00025,0.5,-0.0005,0,1000,1000,0,0.5,0,0,-0.0005,0.0005,0.0005,-0.0005,0.0005,0.0005,-0.0005,0.0005,0.5,
0.25,0.00025,0.5,0.00025,0.5,-0.0005,0,1000,1000,0,0.5,0,0,-0.0005,0.0005,0.0005,-0.0005,0.0005,0.0005,-0.0005,0.0005,0.5,
0.252,0.00025,0.5,0.00025,0.5,-0.0005,0,1000,1000,0,0.5,0,0,-0.0005,0.0005,0.0005,-0.0005,0.0005,0.0005,-0.0005,0.0005,0.5,
0.254,0.00025,0.5,0.00025,0.5,-0.0005,0,1000,1000,0,0.5,0,0,-0.0005,0.0005,0.0005,-0.0005,0.0005,0.0005,-0.0005,0.0005,0.5,
0.256,0.00025,0.5,0.00025,0.5,-0.0005,0,1000,1000,0,0.5,0,0,-0.0005,0.0005,0.0005,-0.0005,0.0005,0.0005,-0.0005,0.0005,0.5,
0.258,0.00025,0.5,0.00025,0.5,-0.0005,0,1000,1000,0,0.5,0,0,-0.0005,0.0005,0.0005,-0.0005,0.0005,0.0005,-0.0005,0.0005,0.5,
0.26,0.00025,0.5,0.00025,0.5,-0.0005,0,1000,1000,0,0.5,0,0,-0.0005,0.0005,0.0005,-0.0005,0.0005,0.0005,-0.0005,0.0005,0.5,
0.262,0.00025,0.5,0.00025,0.5,-0.0005,0,1000,1000,0,0.5,0,0,-0.0005,0.0005,0.0005,-0.0005,0.0005,0.0005,-0.0005,0.0005,0.5,
0.264,0.00025,0.5,0.00025,0.5,-0.0005,0,1000,1000,0,0.5,0,0,-0.0005,0.0005,0.0005,-0.0005,0.0005,0.0005,-0.0005,0.0005,0.5,
0.266,0.00025,0.5,0.00025,0.5,-0.0005,0,1000,1000,0,0.5,0,0,-0.0005,0.0005,0.0005,-0.0005,0.0005,0.0005,-0.0005,0.0005,0.5,
0.268,0.00025,0.5,0.00025,0.5,-0.0005,0,1000,1000,0,0.5,0,0,-0.0005,0.0005,0.0005,-0.0005,0.0005,0.0005,-0.0005,0.0005,0.5,
0.27,0.00025,0.5,0.00025,0.5,-0.0005,0,1000,1000,0,0.5,0,0,-0.0005,0.0005,0.0005,-0.0005,0.0005,0.0005,-0.0005,0.0005,0.5,
0.272,0.00025,0.5,0.00025,0.5,-0.0005,0,1000,1000,0,0.5,0,0,-0.0005,0.0005,0.0005,-0.0005,0.0005,0.0005,-0.0005,0.0005,0.5,
0.274,0.00025,0.5,0.00025,0.5,-0.0005,0,1000,1000,0,0.5,0,0,-0.0005,0.0005,0.0005,-0.0005,0.0005,0.0005,-0.0005,0.0005,0.5,
0.276,0.00025,0.5,0.00025,0.5,-0.0005,0,1000,1000,0,0.5,0,0,-0.0005,0.0005,0.0005,-0.0005,0.0005,0.0005,-0.0005,0.0005,0.5,
0.278,0.00025,0.5,0.00025,0.5,-0.0005,0,1000,1000,0,0.5,0,0,-0.0005,0.0005,0.0005,-0.0005,0.0005,0.0005,-0.0005,0.0005,0.5,
0.28,0.00025,0.5,0.00025,0.5,-0.0005,0,1000,1000,0,0.5,0,0,-0.0005,0.0005,0.0005,-0.0005,0.0005,0.0005,-0.0005,0.0005,0.5,
0.282,0.00025,0.5,0.00025,0.5,-0.0005,0,1000,1000,0,0.5,0,0,-0.0005,0.0005,0.0005,-0.0005,0.0005,0.0005,-0.0005,0.0005,0.5,
0.284,0.00025,0.5,0.00025,0.5,-0.0005,0,1000,1000,0,0.5,0,0,-0.0005,0.0005,0.0005,-0.0005,0.0005,0.0005,-0.0005,0.0005,0.5,
0.286,0.00025,0.5,0.00025,0.5,-0.0005,0,1000,1000,0,0.5,0,0,-0.0005,0.0005,0.0005,-0.0005,0.0005,0.0005,-0.0005,0.0005,0.5,
0.288,0.00025,0.5,0.00025,0.5,-0.0005,0,1000,1000,0,0.5,0,0,-0.0005,0.0005,0.0005,-0.0005,0.0005,0.0005,-0.0005,0.0005,0.5,
0.29,0.00025,0.5,0.00025,0.5,-0.0005,0,1000,1000,0,0.5,0,0,-0.0005,0.0005,0.0005,-0.0005,0.0005,0.0005,-0.0005,0.0005,0.5,
0.292,0.00025,0.5,0.00025,0.5,-0.0005,0,1000,1000,0,0.5,0,0,-0.0005,0.0005,0.0005,-0.0005,0.0005,0.0005,-0.0005,0.0005,0.5,
0.294,0.00025,0.5,0.00025,0.5,-0.0005,0,1000,1000,0,0.5,0,0,-0.0005,0.0005,0.0005,-0.0005,0.0005,0.0005,-0.0005,0.0005,0.5,
0.296,0.00025,0.5,0.00025,0.5,-0.0005,0,1000,1000,0,0.5,0,0,-0.0005,0.0005,0.0005,-0.0005,0.0005,0.0005,-0.0005,0.0005,0.5,
0.298,0.00025,0.5,0.00025,0.5,-0.0005,0,1000,1000,0,0.5,0,0,-0.0005,0.0005,0.0005,-0.0005,0.0005,0.0005,-0.0005,0.0005,0.5,
0.3,0.00025,0.5,0.00025,0.5,-0.0005,0,1000,1000,0,0.5,0,0,-0.0005,0.0005,0.0005,-0.0005,0.0005,0.0005,-0.0005,0.0005,0.5,
0.302,0.00025,0.5,0.00025,0.5,-0.0005,0,1000,1000,0,0.5,0,0,-0.0005,0.0005,0.0005,-0.0005,0.0005,0.0005,-0.0005,0.0005,0.5,
0.304,0.00025,0.5,0.00025,0.5,-0.0005,0,1000,1000,0,0.5,0,0,-0.0005,0.0005,0.0005,-0.0005,0.0005,0.0005,-0.0005,0.0005,0.5,
0.306,0.00025,0.5,0.00025,0.5,-0.0005,0,1000,1000,0,0.5,0,0,-0.0005,0.0005,0.0005,-0.0005,0.0005,0.0005,-0.0005,0.0005,0.5,
0.308,0.00025,0.5,0.00025,0.5,-0.0005,0,1000,1000,0,0.5,0,0,-0.0005,0.0005,0.0005,-0.0005,0.0005,0.0005,-0.0005,0.0005,0.5,
0.31,0.00025,0.5,0.00025,0.5,-0.0005,0,1000,1000,0,0.5,0,0,-0.0005,0.0005,0.0005,-0.0005,0.0005,0.0005,-0.0005,0.0005,0.5,
0.312,0.00025,0.5,0.00025,0.5,-0.0005,0,1000,1000,0,0.5,0,0,-0.0005,0.0005,0.0005,-0.0005,0.0005,0.0005,-0.0005,0.0005,0.5,
0.314,0.00025,0.5,0.00025,0.5,-0.0005,0,1000,1000,0,0.5,0,0,-0.0005,0.0005,0.0005,-0.0005,0.0005,0.0005,-0.0005,0.0005,0.5,
0.316,0.00025,0.5,0.00025,0.5,-0.0005,0,1000,1000,0,0.5,0,0,-0.0005,0.0005,0.0005,-0.0005,0.0005,0.0005,-0.0005,0.0005,0.5,
0.318,0.00025,0.5,0.00025,0.5,-0.0005,0,1000,1000,0,0.5,0,0,-0.0005,0.0005,0.0005,-0.0005,0.0005,0.0005,-0.0005,0.0005,0.5,
0.32,0.00025,0.5,0.00025,0.5,-0.0005,0,1000,1000,0,0.5,0,0,-0.0005,0.0005,0.0005,-0.0005,0.0005,0.0005,-0.0005,0.0005,0.5,
0.322,0.00025,0.5,0.00025,0.5,-0.0005,0,1000,1000,0,0.5,0,0,-0.0005,0.0005,0.0005,-0.0005,0.0005,0.0005,-0.0005,0.0005,0.5,
0.324,0.00025,0.5,0.00025,0.5,-0.0005,0,1000,1000,0,0.5,0,0,-0.0005,0.0005,0.0005,-0.0005,0.0005,0.0005,-0.0005,0.0005,0.5,
0.326,0.00025,0.5,0.00025,0.5,-0.0005,0,1000,1000,0,0.5,0,0,-0.0005,0.0005,0.0005,-0.0005,0.0005,0.0005,-0.0005,0.0005,0.5,
0.328,0.00025,0.5,0.00025,0.5,-0.0005,0,1000,1000,0,0.5,0,0,-0.0005,0.0005,0.0005,-0.0005,0.0005,0.0005,-0.0005,0.0005,0.5,
0.33,0.00025,0.5,0.00025,0.5,-0.0005,0,1000,1000,0,0.5,0,0,-0.0005,0.0005,0.0005,-0.0005,0.0005,0.0005,-0.0005,0.0005,0.5,
0.332,0.00025,0.5,0.00025,0.5,-0.0005,0,1000,1000,0,0.5,0,0,-0.0005,0.0005,0.0005,-0.0005,0.0005,0.0005,-0.0005,0.0005,0.5,
0.334,0.00025,0.5,0.00025,0.5,-0.0005,0,1000,1000,0,0.5,0,0,-0.0005,0.0005,0.0005,-0.0005,0.0005,0.0005,-0.0005,0.0005,0.5,
0.336,0.00025,0.5,0.00025,0.5,-0.0005,0,1000,1000,0,0.5,0,0,-0.0005,0.0005,0.0005,-0.0005,0.0005,0.0005,-0.0005,0.0005,0.5,
0.338,0.00025,0.5,0.00025,0.5,-0.0005,0,1000,1000,0,0.5,0,0,-0.0005,0.0005,0.0005,-0.0005,0.0005,0.0005,-0.0005,0.0005,0.5,
0.34,0.00025,0.5,0.00025,0.5,-0.0005,0,1000,1000,0,0.5,0,0,-0.0005,0.0005,0.0005,-0.0005,0.0005,0.0005,-0.0005,0.0005,0.5,
0.342,0.00025,0.5,0.00025,0.5,-0.0005,0,1000,1000,0,0.5,0,0,-0.0005,0.0005,0.0005,-0.0005,0.0005,0.0005,-0.0005,0.0005,0.5,
0.344,0.00025,0.5,0.00025,0.5,-0.0005,0,1000,1000,0,0.5,0,0,-0.0005,0.0005,0.0005,-0.0005,0.0005,0.0005,-0.0005,0.0005,0.5,
0.346,0.00025,0.5,0.00025,0.5,-0.0005,0,1000,1000,0,0.5,0,0,-0.0005,0.0005,0.0005,-0.0005,0.0005,0.0005,-0.0005,0.0005,0.5,
0.348,0.00025,0.5,0.00025,0.5,-0.0005,0,1000,1000,0,0.5,0,0,-0.0005,0.0005,0.0005,-0.0005,0.0005,0.0005,-0.0005,0.0005,0.5,
0.35,0.00025,0.5,0.00025,0.5,-0.0005,0,1000,1000,0,0.5,0,0,-0.0005,0.0005,0.0005,-0.0005,0.0005,0.0005,-0.0005,0.0005,0.5,
0.352,0.00025,0.5,0.00025,0.5,-0.0005,0,1000,1000,0,0.5,0,0,-0.0005,0.0005,0.0005,-0.0005,0.0005,0.0005,-0.0005,0.0005,0.5,
0.354,0.00025,0.5,0.00025,0.5,-0.0005,0,1000,1000,0,0.5,0,0,-0.0005,0.0005,0.0005,-0.0005,0.0005,0.0005,-0.0005,0.0005,0.5,
0.356,0.00025,0.5,0.00025,0.5,-0.0005,0,1000,1000,0,0.5,0,0,-0.0005,0.0005,0.0005,-0.0005,0.0005,0.0005,-0.0005,0.0005,0.5,
0.358,0.00025,0.5,0.00025,0.5,-0.0005,0,1000,1000,0,0.5,0,0,-0.0005,0.0005,0.0005,-0.0005,0.0005,0.0005,-0.0005,0.0005,0.5,
0.36,0.00025,0.5,0.00025,0.5,-0.0005,0,1000,1000,0,0.5,0,0,-0.0005,0.0005,0.0005,-0.0005,0.0005,0.0005,-0.0005,0.0005,0.5,
0.362,0.00025,0.5,0.00025,0.5,-0.0005,0,1000,1000,0,0.5,0,0,-0.0005,0.0005,0.0005,-0.0005,0.0005,0.0005,-0.0005,0.0005,0.5,
0.364,0.00025,0.5,0.00025,0.5,-0.0005,0,1000,1000,0,0.5,0,0,-0.0005,0.0005,0.0005,-0.0005,0.0005,0.0005,-0.0005,0.0005,0.5,
0.366,0.00025,0.5,0.00025,0.5,-0.0005,0,1000,1000,0,0.5,0,0,-0.0005,0.0005,0.0005,-0.0005,0.0005,0.0005,-0.0005,0.0005,0.5,
0.368,0.00025,0.5,0.00025,0.5,-0.0005,0,1000,1000,0,0.5,0,0,-0.0005,0.0005,0.0005,-0.0005,0.0005,0.0005,-0.0005,0.0005,0.5,
0.37,0.00025,0.5,0.00025,0.5,-0.0005,0,1000,1000,0,0.5,0,0,-0.0005,0.0005,0.0005,-0.0005,0.0005,0.0005,-0.0005,0.0005,0.5,
0.372,0.00025,0.5,0.00025,0.5,-0.0005,0,1000,1000,0,0.5,0,0,-0.0005,0.0005,0.0005,-0.0005,0.0005,0.0005,-0.0005,0.0005,0.5,
0.374,0.00025,0.5,0.00025,0.5,-0.0005,0,1000,1000,0,0.5,0,0,-0.0005,0.0005,0.0005,-0.0005,0.0005,0.0005,-0.0005,0.0005,0.5,
0.376,0.00025,0.5,0.00025,0.5,-0.0005,0,1000,1000,0,0.5,0,0,-0.0005,0.0005,0.0005,-0.0005,0.0005,0.0005,-0.0005,0.0005,0.5,
0.378,0.00025,0.5,0.00025,0.5,-0.0005,0,1000,1000,0,0.5,0,0,-0.0005,0.0005,0.0005,-0.0005,0.0005,0.0005,-0.0005,0.0005,0.5,
0.38,0.00025,0.5,0.00025,0.5,-0.0005,0,1000,1000,0,0.5,0,0,-0.0005,0.0005,0.0005,-0.0005,0.0005,0.0005,-0.0005,0.0005,0.5,
0.382,0.00025,0.5,0.00025,0.5,-0.0005,0,1000,1000,0,0.5,0,0,-0.0005,0.0005,0.0005,-0.0005,0.0005,0.0005,-0.0005,0.0005,0.5,
0.384,0.00025,0.5,0.00025,0.5,-0.0005,0,1000,1000,0,0.5,0,0,-0.0005,0.0005,0.0005,-0.0005,0.0005,0.0005,-0.0005,0.0005,0.5,
0.386,0.00025,0.5,0.00025,0.5,-0.0005,0,1000,1000,0,0.5,0,0,-0.0005,0.0005,0.0005,-0.0005,0.0005,0.0005,-0.0005,0.0005,0.5,
0.388,0.00025,0.5,0.00025,0.5,-0.0005,0,1000,1000,0,0.5,0,0,-0.0005,0.0005,0.0005,-0.0005,0.0005,0.0005,-0.0005,0.0005,0.5,
0.39,0.00025,0.5,0.00025,0.5,-0.0005,0,1000,1000,0,0.5,0,0,-0.0005,0.0005,0.0005,-0.0005,0.0005,0.0005,-0.0005,0.0005,0.5,
0.392,0.00025,0.5,0.00025,0.5,-0.0005,0,1000,1000,0,0.5,0,0,-0.0005,0.0005,0.0005,-0.0005,0.0005,0.0005,-0.0005,0.0005,0.5,
0.394,0.00025,0.5,0.00025,0.5,-0.0005,0,1000,1000,0,0.5,0,0,-0.0005,0.0005,0.0005,-0.0005,0.0005,0.0005,-0.0005,0.0005,0.5,
0.396,0.00025,0.5,0.00025,0.5,-0.0005,0,1000,1000,0,0.5,0,0,-0.0005,0.0005,0.0005,-0.0005,0.0005,0.0005,-0.0005,0.0005,0.5,
0.398,0.00025,0.5,0.00025,0.5,-0.0005,0,1000,1000,0,0.5,0,0,-0.0005,0.0005,0.0005,-0.0005,0.0005,0.0005,-0.0005,0.0005,0.5,
0.4,0.00025,0.5,0.00025,0.5,-0.0005,0,1000,1000,0,0.5,0,0,-0.0005,0.0005,0.0005,-0.0005,0.0005,0.0005,-0.0005,0.0005,0.5,
0.402,0.00025,0.5,0.00025,0.5,-0.0005,0,1000,1000,0,0.5,0,0,-0.0005,0.0005,0.0005,-0.0005,0.0005,0.0005,-0.0005,0.0005,0.5,
0.404,0.00025,0.5,0.00025,0.5,-0.0005,0,1000,1000,0,0.5,0,0,-0.0005,0.0005,0.0005,-0.0005,0.0005,0.0005,-0.0005,0.0005,0.5,
0.406,0.00025,0.5,0.00025,0.5,-0.0005,0,1000,1000,0,0.5,0,0,-0.0005,0.0005,0.0005,-0.0005,0.0005,0.0005,-0.0005,0.0005,0.5,
0.408,0.00025,0.5,0.00025,0.5,-0.0005,0,1000,1000,0,0.5,0,0,-0.0005,0.0005,0.0005,-0.0005,0.0005,0.0005,-0.0005,0.0005,0.5,
0.41,0.00025,0.5,0.00025,0.5,-0.0005,0,1000,1000,0,0.5,0,0,-0.0005,0.0005,0.0005,-0.0005,0.0005,0.0005,-0.0005,0.0005,0.5,
0.412,0.00025,0.5,0.00025,0.5,-0.0005,0,1000,1000,0,0.5,0,0,-0.0005,0.0005,0.0005,-0.0005,0.0005,0.0005,-0.0005,0.0005,0.5,
0.414,0.00025,0.5,0.00025,0.5,-0.0005,0,1000,1000,0,0.5,0,0,-0.0005,0.0005,0.0005,-0.0005,0.0005,0.0005,-0.0005,0.0005,0.5,
0.416,0.00025,0.5,0.00025,0.5,-0.0005,0,1000,1000,0,0.5,0,0,-0.0005,0.0005,0.0005,-0.0005,0.0005,0.0005,-0.0005,0.0005,0.5,
0.418,0.00025,0.5,0.00025,0.5,-0.0005,0,1000,1000,0,0.5,0,0,-0.0005,0.0005,0.0005,-0.0005,0.0005,0.0005,-0.0005,0.0005,0.5,
0.42,0.00025,0.5,0.00025,0.5,-0.0005,0,1000,1000,0,0.5,0,0,-0.0005,0.0005,0.0005,-0.0005,0.0005,0.0005,-0.0005,0.0005,0.5,
0.422,0.00025,0.5,0.00025,0.5,-0.0005,0,1000,1000,0,0.5,0,0,-0.0005,0.0005,0.0005,-0.0005,0.0005,0.0005,-0.0005,0.0005,0.5,
0.424,0.00025,0.5,0.00025,0.5,-0.0005,0,1000,1000,0,0.5,0,0,-0.0005,0.0005,0.0005,-0.0005,0.0005,0.0005,-0.0005,0.0005,0.5,
0.426,0.00025,0.5,0.00025,0.5,-0.0005,0,1000,1000,0,0.5,0,0,-0.0005,0.0005,0.0005,-0.0005,0.0005,0.0005,-0.0005,0.0005,0.5,
0.428,0.00025,0.5,0.00025,0.5,-0.0005,0,1000,1000,0,0.5,0,0,-0.0005,0.0005,0.0005,-0.0005,0.0005,0.0005,-0.0005,0.0005,0.5,
0.43,0.00025,0.5,0.00025,0.5,-0.0005,0,1000,1000,0,0.5,0,0,-0.0005,0.0005,0.0005,-0.0005,0.0005,0.0005,-0.0005,0.0005,0.5,
0.432,0.00025,0.5,0.00025,0.5,-0.0005,0,1000,1000,0,0.5,0,0,-0.0005,0.0005,0.0005,-0.0005,0.0005,0.0005,-0.0005,0.0005,0.5,
0.434,0.00025,0.5,0.00025,0.5,-0.0005,0,1000,1000,0,0.5,0,0,-0.0005,0.0005,0.0005,-0.0005,0.0005,0.0005,-0.0005,0.0005,0.5,
0.436,0.00025,0.5,0.00025,0.5,-0.0005,0,1000,1000,0,0.5,0,0,-0.0005,0.0005,0.0005,-0.0005,0.0005,0.0005,-0.0005,0.0005,0.5,
0.438,0.00025,0.5,0.00025,0.5,-0.0005,0,1000,1000,0,0.5,0,0,-0.0005,0.0005,0.0005,-0.0005,0.0005,0.0005,-0.0005,0.0005,0.5,
0.44,0.00025,0.5,0.00025,0.5,-0.0005,0,1000,1000,0,0.5,0,0,-0.0005,0.0005,0.0005,-0.0005,0.0005,0.0005,-0.0005,0.0005,0.5,
0.442,0.00025,0.5,0.00025,0.5,-0.0005,0,1000,1000,0,0.5,0,0,-0.0005,0.0005,0.0005,-0.0005,0.0005,0.0005,-0.0005,0.0005,0.5,
0.444,0.00025,0.5,0.00025,0.5,-0.0005,0,1000,1000,0,0.5,0,0,-0.0005,0.0005,0.0005,-0.0005,0.0005,0.0005,-0.0005,0.0005,0.5,
0.446,0.00025,0.5,0.00025,0.5,-0.0005,0,1000,1000,0,0.5,0,0,-0.0005,0.0005,0.0005,-0.0005,0.0005,0.0005,-0.0005,0.0005,0.5,
0.448,0.00025,0.5,0.00025,0.5,-0.0005,0,1000,1000,0,0.5,0,0,-0.0005,0.0005,0.0005,-0.0005,0.0005,0.0005,-0.0005,0.0005,0.5,
0.45,0.00025,0.5,0.00025,0.5,-0.0005,0,1000,1000,0,0.5,0,0,-0.0005,0.0005,0.0005,-0.0005,0.0005,0.0005,-0.0005,0.0005,0.5,
0.452,0.00025,0.5,0.00025,0.5,-0.0005,0,1000,1000,0,0.5,0,0,-0.0005,0.0005,0.0005,-0.0005,0.0005,0.0005,-0.0005,0.0005,0.5,
0.454,0.00025,0.5,0.00025,0.5,-0.0005,0,1000,1000,0,0.5,0,0,-0.0005,0.0005,0.0005,-0.0005,0.0005,0.0005,-0.0005,0.0005,0.5,
0.456,0.00025,0.5,0.00025,0.5,-0.0005,0,1000,1000,0,0.5,0,0,-0.0005,0.0005,0.0005,-0.0005,0.0005,0.0005,-0.0005,0.0005,0.5,
0.458,0.00025,0.5,0.00025,0.5,-0.0005,0,1000,1000,0,0.5,0,0,-0.0005,0.0005,0.0005,-0.0005,0.0005,0.0005,-0.0005,0.0005,0.5,
0.46,0.00025,0.5,0.00025,0.5,-0.0005,0,1000,1000,0,0.5,0,0,-0.0005,0.0005,0.0005,-0.0005,0.0005,0.0005,-0.0005,0.0005,0.5,
0.462,0.00025,0.5,0.00025,0.5,-0.0005,0,1000,1000,0,0.5,0,0,-0.0005,0.0005,0.0005,-0.0005,0.0005,0.0005,-0.0005,0.0005,0.5,
0.464,0.00025,0.5,0.00025,0.5,-0.0005,0,1000,1000,0,0.5,0,0,-0.0005,0.0005,0.0005,-0.0005,0.0005,0.0005,-0.0005,0.0005,0.5,
0.466,0.00025,0.5,0.00025,0.5,-0.0005,0,1000,1000,0,0.5,0,0,-0.0005,0.0005,0.0005,-0.0005,0.0005,0.0005,-0.0005,0.0005,0.5,
0.468,0.00025,0.5,0.00025,0.5,-0.0005,0,1000,1000,0,0.5,0,0,-0.0005,0.0005,0.0005,-0.0005,0.0005,0.0005,-0.0005,0.0005,0.5,
0.47,0.00025,0.5,0.00025,0.5,-0.0005,0,1000,1000,0,0.5,0,0,-0.0005,0.0005,0.0005,-0.0005,0.0005,0.0005,-0.0005,0.0005,0.5,
0.472,0.00025,0.5,0.00025,0.5,-0.0005,0,1000,1000,0,0.5,0,0,-0.0005,0.0005,0.0005,-0.0005,0.0005,0.0005,-0.0005,0.0005,0.5,
0.474,0.00025,0.5,0.00025,0.5,-0.0005,0,1000,1000,0,0.5,0,0,-0.0005,0.0005,0.0005,-0.0005,0.0005,0.0005,-0.0005,0.0005,0.5,
0.476,0.00025,0.5,0.00025,0.5,-0.0005,0,1000,1000,0,0.5,0,0,-0.0005,0.0005,0.0005,-0.0005,0.0005,0.0005,-0.0005,0.0005,0.5,
0.478,0.00025,0.5,0.00025,0.5,-0.0005,0,1000,1000,0,0.5,0,0,-0.0005,0.0005,0.0005,-0.0005,0.0005,0.0005,-0.0005,0.0005,0.5,
0.48,0.00025,0.5,0.00025,0.5,-0.0005,0,1000,1000,0,0.5,0,0,-0.0005,0.0005,0.0005,-0.0005,0.0005,0.0005,-0.0005,0.0005,0.5,
0.482,0.00025,0.5,0.00025,0.5,-0.0005,0,1000,1000,0,0.5,0,0,-0.0005,0.0005,0.0005,-0.0005,0.0005,0.0005,-0.0005,0.0005,0.5,
0.484,0.00025,0.5,0.00025,0.5,-0.0005,0,1000,1000,0,0.5,0,0,-0.0005,0.0005,0.0005,-0.0005,0.0005,0.0005,-0.0005,0.0005,0.5,
0.486,0.00025,0.5,0.00025,0.5,-0.0005,0,1000,1000,0,0.5,0,0,-0.0005,0.0005,0.0005,-0.0005,0.0005,0.0005,-0.0005,0.0005,0.5,
0.488,0.00025,0.5,0.00025,0.5,-0.0005,0,1000,1000,0,0.5,0,0,-0.0005,0.0005,0.0005,-0.0005,0.0005,0.0005,-0.0005,0.0005,0.5,
0.49,0.00025,0.5,0.00025,0.5,-0.0005,0,1000,1000,0,0.5,0,0,-0.0005,0.0005,0.0005,-0.0005,0.0005,0.0005,-0.0005,0.0005,0.5,
0.492,0.00025,0.5,0.00025,0.5,-0.0005,0,1000,1000,0,0.5,0,0,-0.0005,0.0005,0.0005,-0.0005,0.0005,0.0005,-0.0005,0.0005,0.5,
0.494,0.00025,0.5,0.00025,0.5,-0.0005,0,1000,1000,0,0.5,0,0,-0.0005,0.0005,0.0005,-0.0005,0.0005,0.0005,-0.0005,0.0005,0.5,
0.496,0.00025,0.5,0.00025,0.5,-0.0005,0,1000,1000,0,0.5,0,0,-0.0005,0.0005,0.0005,-0.0005,0.0005,0.0005,-0.0005,0.0005,0.5,
0.498,0.00025,0.5,0.00025,0.5,-0.0005,0,1000,1000,0,0.5,0,0,-0.0005,0.0005,0.0005,-0.0005,0.0005,0.0005,-0.0005,0.0005,0.5,
0.5,0.00025,0.5,0.00025,0.5,-0.0005,0,1000,1000,0,0.5,0,0,-0.0005,0.0005,0.0005,-0.0005,0.0005,0.0005,-0.0005,0.0005,0.5,
0.502,0.00025,0.5,0.00025,0.5,-0.0005,0,1000,1000,0,0.5,0,0,-0.0005,0.0005,0.0005,-0.0005,0.0005,0.0005,-0.0005,0.0005,0.5,
0.504,0.00025,0.5,0.00025,0.5,-0.0005,0,1000,1000,0,0.5,0,0,-0.0005,0.0005,0.0005,-0.0005,0.0005,0.0005,-0.0005,0.0005,0.5,
0.506,0.00025,0.5,0.00025,0.5,-0.0005,0,1000,1000,0,0.5,0,0,-0.0005,0.0005,0.0005,-0.0005,0.0005,0.0005,-0.0005,0.0005,0.5,
0.508,0.00025,0.5,0.00025,0.5,-0.0005,0,1000,1000,0,0.5,0,0,-0.0005,0.0005,0.0005,-0.0005,0.0005,0.0005,-0.0005,0.0005,0.5,
0.51,0.00025,0.5,0.00025,0.5,-0.0005,0,1000,1000,0,0.5,0,0,-0.0005,0.0005,0.0005,-0.0005,0.0005,0.0005,-0.0005,0.0005,0.5,
0.512,0.00025,0.5,0.00025,0.5,-0.0005,0,1000,1000,0,0.5,0,0,-0.0005,0.0005,0.0005,-0.0005,0.0005,0.0005,-0.0005,0.0005,0.5,
0.514,0.00025,0.5,0.00025,0.5,-0.0005,0,1000,1000,0,0.5,0,0,-0.0005,0.0005,0.0005,-0.0005,0.0005,0.0005,-0.0005,0.0005,0.5,
0.516,0.00025,0.5,0.00025,0.5,-0.0005,0,1000,1000,0,0.5,0,0,-0.0005,0.0005,0.0005,-0.0005,0.0005,0.0005,-0.0005,0.0005,0.5,
0.518,0.00025,0.5,0.00025,0.5,-0.0005,0,1000,1000,0,0.5,0,0,-0.0005,0.0005,0.0005,-0.0005,0.0005,0.0005,-0.0005,0.0005,0.5,
0.52,0.00025,0.5,0.00025,0.5,-0.0005,0,1000,1000,0,0.5,0,0,-0.0005,0.0005,0.0005,-0.0005,0.0005,0.0005,-0.0005,0.0005,0.5,
0.522,0.00025,0.5,0.00025,0.5,-0.0005,0,1000,1000,0,0.5,0,0,-0.0005,0.0005,0.0005,-0.0005,0.0005,0.0005,-0.0005,0.0005,0.5,
0.524,0.00025,0.5,0.00025,0.5,-0.0005,0,1000,1000,0,0.5,0,0,-0.0005,0.0005,0.0005,-0.0005,0.0005,0.0005,-0.0005,0.0005,0.5,
0.526,0.00025,0.5,0.00025,0.5,-0.0005,0,1000,1000,0,0.5,0,0,-0.0005,0.0005,0.0005,-0.0005,0.0005,0.0005,-0.0005,0.0005,0.5,
0.528,0.00025,0.5,0.00025,0.5,-0.0005,0,1000,1000,0,0.5,0,0,-0.0005,0.0005,0.0005,-0.0005,0.0005,0.0005,-0.0005,0.0005,0.5,
0.53,0.00025,0.5,0.00025,0.5,-0.0005,0,1000,1000,0,0.5,0,0,-0.0005,0.0005,0.0005,-0.0005,0.0005,0.0005,-0.0005,0.0005,0.5,
0.532,0.00025,0.5,0.00025,0.5,-0.0005,0,1000,1000,0,0.5,0,0,-0.0005,0.0005,0.0005,-0.0005,0.0005,0.0005,-0.0005,0.0005,0.5,
0.534,0.00025,0.5,0.00025,0.5,-0.0005,0,1000,1000,0,0.5,0,0,-0.0005,0.0005,0.0005,-0.0005,0.0005,0.0005,-0.0005,0.0005,0.5,
0.536,0.00025,0.5,0.00025,0.5,-0.0005,0,1000,1000,0,0.5,0,0,-0.0005,0.0005,0.0005,-0.0005,0.0005,0.0005,-0.0005,0.0005,0.5,
0.538,0.00025,0.5,0.00025,0.5,-0.0005,0,1000,1000,0,0.5,0,0,-0.0005,0.0005,0.0005,-0.0005,0.0005,0.0005,-0.0005,0.0005,0.5,
0.54,0.00025,0.5,0.00025,0.5,-0.0005,0,1000,1000,0,0.5,0,0,-0.0005,0.0005,0.0005,-0.0005,0.0005,0.0005,-0.0005,0.0005,0.5,
0.542,0.00025,0.5,0.00025,0.5,-0.0005,0,1000,1000,0,0.5,0,0,-0.0005,0.0005,0.0005,-0.0005,0.0005,0.0005,-0.0005,0.0005,0.5,
0.544,0.00025,0.5,0.00025,0.5,-0.0005,0,1000,1000,0,0.5,0,0,-0.0005,0.0005,0.0005,-0.0005,0.0005,0.0005,-0.0005,0.0005,0.5,
0.546,0.00025,0.5,0.00025,0.5,-0.0005,0,1000,1000,0,0.5,0,0,-0.0005,0.0005,0.0005,-0.0005,0.0005,0.0005,-0.0005,0.0005,0.5,
0.548,0.00025,0.5,0.00025,0.5,-0.0005,0,1000,1000,0,0.5,0,0,-0.0005,0.0005,0.0005,-0.0005,0.0005,0.0005,-0.0005,0.0005,0.5,
0.55,0.00025,0.5,0.00025,0.5,-0.0005,0,1000,1000,0,0.5,0,0,-0.0005,0.0005,0.0005,-0.0005,0.0005,0.0005,-0.0005,0.0005,0.5,
0.552,0.00025,0.5,0.00025,0.5,-0.0005,0,1000,1000,0,0.5,0,0,-0.0005,0.0005,0.0005,-0.0005,0.0005,0.0005,-0.0005,0.0005,0.5,
0.554,0.00025,0.5,0.00025,0.5,-0.0005,0,1000,1000,0,0.5,0,0,-0.0005,0.0005,0.0005,-0.0005,0.0005,0.0005,-0.0005,0.0005,0.5,
0.556,0.00025,0.5,0.00025,0.5,-0.0005,0,1000,1000,0,0.5,0,0,-0.0005,0.0005,0.0005,-0.0005,0.0005,0.0005,-0.0005,0.0005,0.5,
0.5580000000000001,0.00025,0.5,0.00025,0.5,-0.0005,0,1000,1000,0,0.5,0,0,-0.0005,0.0005,0.0005,-0.0005,0.0005,0.0005,-0.0005,0.0005,0.5,
0.5600000000000001,0.00025,0.5,0.00025,0.5,-0.0005,0,1000,1000,0,0.5,0,0,-0.0005,0.0005,0.0005,-0.0005,0.0005,0.0005,-0.0005,0.0005,0.5,
0.5620000000000001,0.00025,0.5,0.00025,0.5,-0.0005,0,1000,1000,0,0.5,0,0,-0.0005,0.0005,0.0005,-0.0005,0.0005,0.0005,-0.0005,0.0005,0.5,
0.5639999999999999,0.00025,0.5,0.00025,0.5,-0.0005,0,1000,1000,0,0.5,0,0,-0.0005,0.0005,0.0005,-0.0005,0.0005,0.0005,-0.0005,0.0005,0.5,
0.5659999999999999,0.00025,0.5,0.00025,0.5,-0.0005,0,1000,1000,0,0.5,0,0,-0.0005,0.0005,0.0005,-0.0005,0.0005,0.0005,-0.0005,0.0005,0.5,
0.5679999999999999,0.00025,0.5,0.00025,0.5,-0.0005,0,1000,1000,0,0.5,0,0,-0.0005,0.0005,0.0005,-0.0005,0.0005,0.0005,-0.0005,0.0005,0.5,
0.57,0.00025,0.5,0.00025,0.5,-0.0005,0,1000,1000,0,0.5,0,0,-0.0005,0.0005,0.0005,-0.0005,0.0005,0.0005,-0.0005,0.0005,0.5,
0.572,0.00025,0.5,0.00025,0.5,-0.0005,0,1000,1000,0,0.5,0,0,-0.0005,0.0005,0.0005,-0.0005,0.0005,0.0005,-0.0005,0.0005,0.5,
0.574,0.00025,0.5,0.00025,0.5,-0.0005,0,1000,1000,0,0.5,0,0,-0.0005,0.0005,0.0005,-0.0005,0.0005,0.0005,-0.0005,0.0005,0.5,
0.576,0.00025,0.5,0.00025,0.5,-0.0005,0,1000,1000,0,0.5,0,0,-0.0005,0.0005,0.0005,-0.0005,0.0005,0.0005,-0.0005,0.0005,0.5,
0.578,0.00025,0.5,0.00025,0.5,-0.0005,0,1000,1000,0,0.5,0,0,-0.0005,0.0005,0.0005,-0.0005,0.0005,0.0005,-0.0005,0.0005,0.5,
0.58,0.00025,0.5,0.00025,0.5,-0.0005,0,1000,1000,0,0.5,0,0,-0.0005,0.0005,0.0005,-0.0005,0.0005,0.0005,-0.0005,0.0005,0.5,
0.582,0.00025,0.5,0.00025,0.5,-0.0005,0,1000,1000,0,0.5,0,0,-0.0005,0.0005,0.0005,-0.0005,0.0005,0.0005,-0.0005,0.0005,0.5,
0.584,0.00025,0.5,0.00025,0.5,-0.0005,0,1000,1000,0,0.5,0,0,-0.0005,0.0005,0.0005,-0.0005,0.0005,0.0005,-0.0005,0.0005,0.5,
0.586,0.00025,0.5,0.00025,0.5,-0.0005,0,1000,1000,0,0.5,0,0,-0.0005,0.0005,0.0005,-0.0005,0.0005,0.0005,-0.0005,0.0005,0.5,
0.588,0.00025,0.5,0.00025,0.5,-0.0005,0,1000,1000,0,0.5,0,0,-0.0005,0.0005,0.0005,-0.0005,0.0005,0.0005,-0.0005,0.0005,0.5,
0.59,0.00025,0.5,0.00025,0.5,-0.0005,0,1000,1000,0,0.5,0,0,-0.0005,0.0005,0.0005,-0.0005,0.0005,0.0005,-0.0005,0.0005,0.5,
0.592,0.00025,0.5,0.00025,0.5,-0.0005,0,1000,1000,0,0.5,0,0,-0.0005,0.0005,0.0005,-0.0005,0.0005,0.0005,-0.0005,0.0005,0.5,
0.594,0.00025,0.5,0.00025,0.5,-0.0005,0,1000,1000,0,0.5,0,0,-0.0005,0.0005,0.0005,-0.0005,0.0005,0.0005,-0.0005,0.0005,0.5,
0.596,0.00025,0.5,0.00025,0.5,-0.0005,0,1000,1000,0,0.5,0,0,-0.0005,0.0005,0.0005,-0.0005,0.0005,0.0005,-0.0005,0.0005,0.5,
0.598,0.00025,0.5,0.00025,0.5,-0.0005,0,1000,1000,0,0.5,0,0,-0.0005,0.0005,0.0005,-0.0005,0.0005,0.0005,-0.0005,0.0005,0.5,
0.6,0.00025,0.5,0.00025,0.5,-0.0005,0,1000,1000,0,0.5,0,0,-0.0005,0.0005,0.0005,-0.0005,0.0005,0.0005,-0.0005,0.0005,0.5,
0.602,0.00025,0.5,0.00025,0.5,-0.0005,0,1000,1000,0,0.5,0,0,-0.0005,0.0005,0.0005,-0.0005,0.0005,0.0005,-0.0005,0.0005,0.5,
0.604,0.00025,0.5,0.00025,0.5,-0.0005,0,1000,1000,0,0.5,0,0,-0.0005,0.0005,0.0005,-0.0005,0.0005,0.0005,-0.0005,0.0005,0.5,
0.606,0.00025,0.5,0.00025,0.5,-0.0005,0,1000,1000,0,0.5,0,0,-0.0005,0.0005,0.0005,-0.0005,0.0005,0.0005,-0.0005,0.0005,0.5,
0.608,0.00025,0.5,0.00025,0.5,-0.0005,0,1000,1000,0,0.5,0,0,-0.0005,0.0005,0.0005,-0.0005,0.0005,0.0005,-0.0005,0.0005,0.5,
0.61,0.00025,0.5,0.00025,0.5,-0.0005,0,1000,1000,0,0.5,0,0,-0.0005,0.0005,0.0005,-0.0005,0.0005,0.0005,-0.0005,0.0005,0.5,
0.612,0.00025,0.5,0.00025,0.5,-0.0005,0,1000,1000,0,0.5,0,0,-0.0005,0.0005,0.0005,-0.0005,0.0005,0.0005,-0.0005,0.0005,0.5,
0.614,0.00025,0.5,0.00025,0.5,-0.0005,0,1000,1000,0,0.5,0,0,-0.0005,0.0005,0.0005,-0.0005,0.0005,0.0005,-0.0005,0.0005,0.5,
0.616,0.00025,0.5,0.00025,0.5,-0.0005,0,1000,1000,0,0.5,0,0,-0.0005,0.0005,0.0005,-0.0005,0.0005,0.0005,-0.0005,0.0005,0.5,
0.618,0.00025,0.5,0.00025,0.5,-0.0005,0,1000,1000,0,0.5,0,0,-0.0005,0.0005,0.0005,-0.0005,0.0005,0.0005,-0.0005,0.0005,0.5,
0.62,0.00025,0.5,0.00025,0.5,-0.0005,0,1000,1000,0,0.5,0,0,-0.0005,0.0005,0.0005,-0.0005,0.0005,0.0005,-0.0005,0.0005,0.5,
0.622,0.00025,0.5,0.00025,0.5,-0.0005,0,1000,1000,0,0.5,0,0,-0.0005,0.0005,0.0005,-0.0005,0.0005,0.0005,-0.0005,0.0005,0.5,
0.624,0.00025,0.5,0.00025,0.5,-0.0005,0,1000,1000,0,0.5,0,0,-0.0005,0.0005,0.0005,-0.0005,0.0005,0.0005,-0.0005,0.0005,0.5,
0.626,0.00025,0.5,0.00025,0.5,-0.0005,0,1000,1000,0,0.5,0,0,-0.0005,0.0005,0.0005,-0.0005,0.0005,0.0005,-0.0005,0.0005,0.5,
0.628,0.00025,0.5,0.00025,0.5,-0.0005,0,1000,1000,0,0.5,0,0,-0.0005,0.0005,0.0005,-0.0005,0.0005,0.0005,-0.0005,0.0005,0.5,
0.63,0.00025,0.5,0.00025,0.5,-0.0005,0,1000,1000,0,0.5,0,0,-0.0005,0.0005,0.0005,-0.0005,0.0005,0.0005,-0.0005,0.0005,0.5,
0.632,0.00025,0.5,0.00025,0.5,-0.0005,0,1000,1000,0,0.5,0,0,-0.0005,0.0005,0.0005,-0.0005,0.0005,0.0005,-0.0005,0.0005,0.5,
0.634,0.00025,0.5,0.00025,0.5,-0.0005,0,1000,1000,0,0.5,0,0,-0.0005,0.0005,0.0005,-0.0005,0.0005,0.0005,-0.0005,0.0005,0.5,
0.636,0.00025,0.5,0.00025,0.5,-0.0005,0,1000,1000,0,0.5,0,0,-0.0005,0.0005,0.0005,-0.0005,0.0005,0.0005,-0.0005,0.0005,0.5,
0.638,0.00025,0.5,0.00025,0.5,-0.0005,0,1000,1000,0,0.5,0,0,-0.0005,0.0005,0.0005,-0.0005,0.0005,0.0005,-0.0005,0.0005,0.5,
0.64,0.00025,0.5,0.00025,0.5,-0.0005,0,1000,1000,0,0.5,0,0,-0.0005,0.0005,0.0005,-0.0005,0.0005,0.0005,-0.0005,0.0005,0.5,
0.642,0.00025,0.5,0.00025,0.5,-0.0005,0,1000,1000,0,0.5,0,0,-0.0005,0.0005,0.0005,-0.0005,0.0005,0.0005,-0.0005,0.0005,0.5,
0.644,0.00025,0.5,0.00025,0.5,-0.0005,0,1000,1000,0,0.5,0,0,-0.0005,0.0005,0.0005,-0.0005,0.0005,0.0005,-0.0005,0.0005,0.5,
0.646,0.00025,0.5,0.00025,0.5,-0.0005,0,1000,1000,0,0.5,0,0,-0.0005,0.0005,0.0005,-0.0005,0.0005,0.0005,-0.0005,0.0005,0.5,
0.648,0.00025,0.5,0.00025,0.5,-0.0005,0,1000,1000,0,0.5,0,0,-0.0005,0.0005,0.0005,-0.0005,0.0005,0.0005,-0.0005,0.0005,0.5,
0.65,0.00025,0.5,0.00025,0.5,-0.0005,0,1000,1000,0,0.5,0,0,-0.0005,0.0005,0.0005,-0.0005,0.0005,0.0005,-0.0005,0.0005,0.5,
0.652,0.00025,0.5,0.00025,0.5,-0.0005,0,1000,1000,0,0.5,0,0,-0.0005,0.0005,0.0005,-0.0005,0.0005,0.0005,-0.0005,0.0005,0.5,
0.654,0.00025,0.5,0.00025,0.5,-0.0005,0,1000,1000,0,0.5,0,0,-0.0005,0.0005,0.0005,-0.0005,0.0005,0.0005,-0.0005,0.0005,0.5,
0.656,0.00025,0.5,0.00025,0.5,-0.0005,0,1000,1000,0,0.5,0,0,-0.0005,0.0005,0.0005,-0.0005,0.0005,0.0005,-0.0005,0.0005,0.5,
0.658,0.00025,0.5,0.00025,0.5,-0.0005,0,1000,1000,0,0.5,0,0,-0.0005,0.0005,0.0005,-0.0005,0.0005,0.0005,-0.0005,0.0005,0.5,
0.66,0.00025,0.5,0.00025,0.5,-0.0005,0,1000,1000,0,0.5,0,0,-0.0005,0.0005,0.0005,-0.0005,0.0005,0.0005,-0.0005,0.0005,0.5,
0.662,0.00025,0.5,0.00025,0.5,-0.0005,0,1000,1000,0,0.5,0,0,-0.0005,0.0005,0.0005,-0.0005,0.0005,0.0005,-0.0005,0.0005,0.5,
0.664,0.00025,0.5,0.00025,0.5,-0.0005,0,1000,1000,0,0.5,0,0,-0.0005,0.0005,0.0005,-0.0005,0.0005,0.0005,-0.0005,0.0005,0.5,
0.666,0.00025,0.5,0.00025,0.5,-0.0005,0,1000,1000,0,0.5,0,0,-0.0005,0.0005,0.0005,-0.0005,0.0005,0.0005,-0.0005,0.0005,0.5,
0.668,0.00025,0.5,0.00025,0.5,-0.0005,0,1000,1000,0,0.5,0,0,-0.0005,0.0005,0.0005,-0.0005,0.0005,0.0005,-0.0005,0.0005,0.5,
0.67,0.00025,0.5,0.00025,0.5,-0.0005,0,1000,1000,0,0.5,0,0,-0.0005,0.0005,0.0005,-0.0005,0.0005,0.0005,-0.0005,0.0005,0.5,
0.672,0.00025,0.5,0.00025,0.5,-0.0005,0,1000,1000,0,0.5,0,0,-0.0005,0.0005,0.0005,-0.0005,0.0005,0.0005,-0.0005,0.0005,0.5,
0.674,0.00025,0.5,0.00025,0.5,-0.0005,0,1000,1000,0,0.5,0,0,-0.0005,0.0005,0.0005,-0.0005,0.0005,0.0005,-0.0005,0.0005,0.5,
0.676,0.00025,0.5,0.00025,0.5,-0.0005,0,1000,1000,0,0.5,0,0,-0.0005,0.0005,0.0005,-0.0005,0.0005,0.0005,-0.0005,0.0005,0.5,
0.678,0.00025,0.5,0.00025,0.5,-0.0005,0,1000,1000,0,0.5,0,0,-0.0005,0.0005,0.0005,-0.0005,0.0005,0.0005,-0.0005,0.0005,0.5,
0.68,0.00025,0.5,0.00025,0.5,-0.0005,0,1000,1000,0,0.5,0,0,-0.0005,0.0005,0.0005,-0.0005,0.0005,0.0005,-0.0005,0.0005,0.5,
0.6820000000000001,0.00025,0.5,0.00025,0.5,-0.0005,0,1000,1000,0,0.5,0,0,-0.0005,0.0005,0.0005,-0.0005,0.0005,0.0005,-0.0005,0.0005,0.5,
0.6840000000000001,0.00025,0.5,0.00025,0.5,-0.0005,0,1000,1000,0,0.5,0,0,-0.0005,0.0005,0.0005,-0.0005,0.0005,0.0005,-0.0005,0.0005,0.5,
0.6860000000000001,0.00025,0.5,0.00025,0.5,-0.0005,0,1000,1000,0,0.5,0,0,-0.0005,0.0005,0.0005,-0.0005,0.0005,0.0005,-0.0005,0.0005,0.5,
0.6879999999999999,0.00025,0.5,0.00025,0.5,-0.0005,0,1000,1000,0,0.5,0,0,-0.0005,0.0005,0.0005,-0.0005,0.0005,0.0005,-0.0005,0.0005,0.5,
0.6899999999999999,0.00025,0.5,0.00025,0.5,-0.0005,0,1000,1000,0,0.5,0,0,-0.0005,0.0005,0.0005,-0.0005,0.0005,0.0005,-0.0005,0.0005,0.5,
0.6919999999999999,0.00025,0.5,0.00025,0.5,-0.0005,0,1000,1000,0,0.5,0,0,-0.0005,0.0005,0.0005,-0.0005,0.0005,0.0005,-0.0005,0.0005,0.5,
0.694,0.00025,0.5,0.00025,0.5,-0.0005,0,1000,1000,0,0.5,0,0,-0.0005,0.0005,0.0005,-0.0005,0.0005,0.0005,-0.0005,0.0005,0.5,
0.696,0.00025,0.5,0.00025,0.5,-0.0005,0,1000,1000,0,0.5,0,0,-0.0005,0.0005,0.0005,-0.0005,0.0005,0.0005,-0.0005,0.0005,0.5,
0.698,0.00025,0.5,0.00025,0.5,-0.0005,0,1000,1000,0,0.5,0,0,-0.0005,0.0005,0.0005,-0.0005,0.0005,0.0005,-0.0005,0.0005,0.5,
0.7,0.00025,0.5,0.00025,0.5,-0.0005,0,1000,1000,0,0.5,0,0,-0.0005,0.0005,0.0005,-0.0005,0.0005,0.0005,-0.0005,0.0005,0.5,
0.702,0.00025,0.5,0.00025,0.5,-0.0005,0,1000,1000,0,0.5,0,0,-0.0005,0.0005,0.0005,-0.0005,0.0005,0.0005,-0.0005,0.0005,0.5,
0.704,0.00025,0.5,0.00025,0.5,-0.0005,0,1000,1000,0,0.5,0,0,-0.0005,0.0005,0.0005,-0.0005,0.0005,0.0005,-0.0005,0.0005,0.5,
0.706,0.00025,0.5,0.00025,0.5,-0.0005,0,1000,1000,0,0.5,0,0,-0.0005,0.0005,0.0005,-0.0005,0.0005,0.0005,-0.0005,0.0005,0.5,
0.708,0.00025,0.5,0.00025,0.5,-0.0005,0,1000,1000,0,0.5,0,0,-0.0005,0.0005,0.0005,-0.0005,0.0005,0.0005,-0.0005,0.0005,0.5,
0.71,0.00025,0.5,0.00025,0.5,-0.0005,0,1000,1000,0,0.5,0,0,-0.0005,0.0005,0.0005,-0.0005,0.0005,0.0005,-0.0005,0.0005,0.5,
0.712,0.00025,0.5,0.00025,0.5,-0.0005,0,1000,1000,0,0.5,0,0,-0.0005,0.0005,0.0005,-0.0005,0.0005,0.0005,-0.0005,0.0005,0.5,
0.714,0.00025,0.5,0.00025,0.5,-0.0005,0,1000,1000,0,0.5,0,0,-0.0005,0.0005,0.0005,-0.0005,0.0005,0.0005,-0.0005,0.0005,0.5,
0.716,0.00025,0.5,0.00025,0.5,-0.0005,0,1000,1000,0,0.5,0,0,-0.0005,0.0005,0.0005,-0.0005,0.0005,0.0005,-0.0005,0.0005,0.5,
0.718,0.00025,0.5,0.00025,0.5,-0.0005,0,1000,1000,0,0.5,0,0,-0.0005,0.0005,0.0005,-0.0005,0.0005,0.0005,-0.0005,0.0005,0.5,
0.72,0.00025,0.5,0.00025,0.5,-0.0005,0,1000,1000,0,0.5,0,0,-0.0005,0.0005,0.0005,-0.0005,0.0005,0.0005,-0.0005,0.0005,0.5,
0.722,0.00025,0.5,0.00025,0.5,-0.0005,0,1000,1000,0,0.5,0,0,-0.0005,0.0005,0.0005,-0.0005,0.0005,0.0005,-0.0005,0.0005,0.5,
0.724,0.00025,0.5,0.00025,0.5,-0.0005,0,1000,1000,0,0.5,0,0,-0.0005,0.0005,0.0005,-0.0005,0.0005,0.0005,-0.0005,0.0005,0.5,
0.726,0.00025,0.5,0.00025,0.5,-0.0005,0,1000,1000,0,0.5,0,0,-0.0005,0.0005,0.0005,-0.0005,0.0005,0.0005,-0.0005,0.0005,0.5,
0.728,0.00025,0.5,0.00025,0.5,-0.0005,0,1000,1000,0,0.5,0,0,-0.0005,0.0005,0.0005,-0.0005,0.0005,0.0005,-0.0005,0.0005,0.5,
0.73,0.00025,0.5,0.00025,0.5,-0.0005,0,1000,1000,0,0.5,0,0,-0.0005,0.0005,0.0005,-0.0005,0.0005,0.0005,-0.0005,0.0005,0.5,
0.732,0.00025,0.5,0.00025,0.5,-0.0005,0,1000,1000,0,0.5,0,0,-0.0005,0.0005,0.0005,-0.0005,0.0005,0.0005,-0.0005,0.0005,0.5,
0.734,0.00025,0.5,0.00025,0.5,-0.0005,0,1000,1000,0,0.5,0,0,-0.0005,0.0005,0.0005,-0.0005,0.0005,0.0005,-0.0005,0.0005,0.5,
0.736,0.00025,0.5,0.00025,0.5,-0.0005,0,1000,1000,0,0.5,0,0,-0.0005,0.0005,0.0005,-0.0005,0.0005,0.0005,-0.0005,0.0005,0.5,
0.738,0.00025,0.5,0.00025,0.5,-0.0005,0,1000,1000,0,0.5,0,0,-0.0005,0.0005,0.0005,-0.0005,0.0005,0.0005,-0.0005,0.0005,0.5,
0.74,0.00025,0.5,0.00025,0.5,-0.0005,0,1000,1000,0,0.5,0,0,-0.0005,0.0005,0.0005,-0.0005,0.0005,0.0005,-0.0005,0.0005,0.5,
0.742,0.00025,0.5,0.00025,0.5,-0.0005,0,1000,1000,0,0.5,0,0,-0.0005,0.0005,0.0005,-0.0005,0.0005,0.0005,-0.0005,0.0005,0.5,
0.744,0.00025,0.5,0.00025,0.5,-0.0005,0,1000,1000,0,0.5,0,0,-0.0005,0.0005,0.0005,-0.0005,0.0005,0.0005,-0.0005,0.0005,0.5,
0.746,0.00025,0.5,0.00025,0.5,-0.0005,0,1000,1000,0,0.5,0,0,-0.0005,0.0005,0.0005,-0.0005,0.0005,0.0005,-0.0005,0.0005,0.5,
0.748,0.00025,0.5,0.00025,0.5,-0.0005,0,1000,1000,0,0.5,0,0,-0.0005,0.0005,0.0005,-0.0005,0.0005,0.0005,-0.0005,0.0005,0.5,
0.75,0.00025,0.5,0.00025,0.5,-0.0005,0,1000,1000,0,0.5,0,0,-0.0005,0.0005,0.0005,-0.0005,0.0005,0.0005,-0.0005,0.0005,0.5,
0.752,0.00025,0.5,0.00025,0.5,-0.0005,0,1000,1000,0,0.5,0,0,-0.0005,0.0005,0.0005,-0.0005,0.0005,0.0005,-0.0005,0.0005,0.5,
0.754,0.00025,0.5,0.00025,0.5,-0.0005,0,1000,1000,0,0.5,0,0,-0.0005,0.0005,0.0005,-0.0005,0.0005,0.0005,-0.0005,0.0005,0.5,
0.756,0.00025,0.5,0.00025,0.5,-0.0005,0,1000,1000,0,0.5,0,0,-0.0005,0.0005,0.0005,-0.0005,0.0005,0.0005,-0.0005,0.0005,0.5,
0.758,0.00025,0.5,0.00025,0.5,-0.0005,0,1000,1000,0,0.5,0,0,-0.0005,0.0005,0.0005,-0.0005,0.0005,0.0005,-0.0005,0.0005,0.5,
0.76,0.00025,0.5,0.00025,0.5,-0.0005,0,1000,1000,0,0.5,0,0,-0.0005,0.0005,0.0005,-0.0005,0.0005,0.0005,-0.0005,0.0005,0.5,
0.762,0.00025,0.5,0.00025,0.5,-0.0005,0,1000,1000,0,0.5,0,0,-0.0005,0.0005,0.0005,-0.0005,0.0005,0.0005,-0.0005,0.0005,0.5,
0.764,0.00025,0.5,0.00025,0.5,-0.0005,0,1000,1000,0,0.5,0,0,-0.0005,0.0005,0.0005,-0.0005,0.0005,0.0005,-0.0005,0.0005,0.5,
0.766,0.00025,0.5,0.00025,0.5,-0.0005,0,1000,1000,0,0.5,0,0,-0.0005,0.0005,0.0005,-0.0005,0.0005,0.0005,-0.0005,0.0005,0.5,
0.768,0.00025,0.5,0.00025,0.5,-0.0005,0,1000,1000,0,0.5,0,0,-0.0005,0.0005,0.0005,-0.0005,0.0005,0.0005,-0.0005,0.0005,0.5,
0.77,0.00025,0.5,0.00025,0.5,-0.0005,0,1000,1000,0,0.5,0,0,-0.0005,0.0005,0.0005,-0.0005,0.0005,0.0005,-0.0005,0.0005,0.5,
0.772,0.00025,0.5,0.00025,0.5,-0.0005,0,1000,1000,0,0.5,0,0,-0.0005,0.0005,0.0005,-0.0005,0.0005,0.0005,-0.0005,0.0005,0.5,
0.774,0.00025,0.5,0.00025,0.5,-0.0005,0,1000,1000,0,0.5,0,0,-0.0005,0.0005,0.0005,-0.0005,0.0005,0.0005,-0.0005,0.0005,0.5,
0.776,0.00025,0.5,0.00025,0.5,-0.0005,0,1000,1000,0,0.5,0,0,-0.0005,0.0005,0.0005,-0.0005,0.0005,0.0005,-0.0005,0.0005,0.5,
0.778,0.00025,0.5,0.00025,0.5,-0.0005,0,1000,1000,0,0.5,0,0,-0.0005,0.0005,0.0005,-0.0005,0.0005,0.0005,-0.0005,0.0005,0.5,
0.78,0.00025,0.5,0.00025,0.5,-0.0005,0,1000,1000,0,0.5,0,0,-0.0005,0.0005,0.0005,-0.0005,0.0005,0.0005,-0.0005,0.0005,0.5,
0.782,0.00025,0.5,0.00025,0.5,-0.0005,0,1000,1000,0,0.5,0,0,-0.0005,0.0005,0.0005,-0.0005,0.0005,0.0005,-0.0005,0.0005,0.5,
0.784,0.00025,0.5,0.00025,0.5,-0.0005,0,1000,1000,0,0.5,0,0,-0.0005,0.0005,0.0005,-0.0005,0.0005,0.0005,-0.0005,0.0005,0.5,
0.786,0.00025,0.5,0.00025,0.5,-0.0005,0,1000,1000,0,0.5,0,0,-0.0005,0.0005,0.0005,-0.0005,0.0005,0.0005,-0.0005,0.0005,0.5,
0.788,0.00025,0.5,0.00025,0.5,-0.0005,0,1000,1000,0,0.5,0,0,-0.0005,0.0005,0.0005,-0.0005,0.0005,0.0005,-0.0005,0.0005,0.5,
0.79,0.00025,0.5,0.00025,0.5,-0.0005,0,1000,1000,0,0.5,0,0,-0.0005,0.0005,0.0005,-0.0005,0.0005,0.0005,-0.0005,0.0005,0.5,
0.792,0.00025,0.5,0.00025,0.5,-0.0005,0,1000,1000,0,0.5,0,0,-0.0005,0.0005,0.0005,-0.0005,0.0005,0.0005,-0.0005,0.0005,0.5,
0.794,0.00025,0.5,0.00025,0.5,-0.0005,0,1000,1000,0,0.5,0,0,-0.0005,0.0005,0.0005,-0.0005,0.0005,0.0005,-0.0005,0.0005,0.5,
0.796,0.00025,0.5,0.00025,0.5,-0.0005,0,1000,1000,0,0.5,0,0,-0.0005,0.0005,0.0005,-0.0005,0.0005,0.0005,-0.0005,0.0005,0.5,
0.798,0.00025,0.5,0.00025,0.5,-0.0005,0,1000,1000,0,0.5,0,0,-0.0005,0.0005,0.0005,-0.0005,0.0005,0.0005,-0.0005,0.0005,0.5,
0.8,0.00025,0.5,0.00025,0.5,-0.0005,0,1000,1000,0,0.5,0,0,-0.0005,0.0005,0.0005,-0.0005,0.0005,0.0005,-0.0005,0.0005,0.5,
0.802,0.00025,0.5,0.00025,0.5,-0.0005,0,1000,1000,0,0.5,0,0,-0.0005,0.0005,0.0005,-0.0005,0.0005,0.0005,-0.0005,0.0005,0.5,
0.804,0.00025,0.5,0.00025,0.5,-0.0005,0,1000,1000,0,0.5,0,0,-0.0005,0.0005,0.0005,-0.0005,0.0005,0.0005,-0.0005,0.0005,0.5,
0.806,0.00025,0.5,0.00025,0.5,-0.0005,0,1000,1000,0,0.5,0,0,-0.0005,0.0005,0.0005,-0.0005,0.0005,0.0005,-0.0005,0.0005,0.5,
0.8080000000000001,0.00025,0.5,0.00025,0.5,-0.0005,0,1000,1000,0,0.5,0,0,-0.0005,0.0005,0.0005,-0.0005,0.0005,0.0005,-0.0005,0.0005,0.5,
0.8100000000000001,0.00025,0.5,0.00025,0.5,-0.0005,0,1000,1000,0,0.5,0,0,-0.0005,0.0005,0.0005,-0.0005,0.0005,0.0005,-0.0005,0.0005,0.5,
0.8120000000000001,0.00025,0.5,0.00025,0.5,-0.0005,0,1000,1000,0,0.5,0,0,-0.0005,0.0005,0.0005,-0.0005,0.0005,0.0005,-0.0005,0.0005,0.5,
0.8139999999999999,0.00025,0.5,0.00025,0.5,-0.0005,0,1000,1000,0,0.5,0,0,-0.0005,0.0005,0.0005,-0.0005,0.0005,0.0005,-0.0005,0.0005,0.5,
0.8159999999999999,0.00025,0.5,0.00025,0.5,-0.0005,0,1000,1000,0,0.5,0,0,-0.0005,0.0005,0.0005,-0.0005,0.0005,0.0005,-0.0005,0.0005,0.5,
0.8179999999999999,0.00025,0.5,0.00025,0.5,-0.0005,0,1000,1000,0,0.5,0,0,-0.0005,0.0005,0.0005,-0.0005,0.0005,0.0005,-0.0005,0.0005,0.5,
0.82,0.00025,0.5,0.00025,0.5,-0.0005,0,1000,1000,0,0.5,0,0,-0.0005,0.0005,0.0005,-0.0005,0.0005,0.0005,-0.0005,0.0005,0.5,
0.822,0.00025,0.5,0.00025,0.5,-0.0005,0,1000,1000,0,0.5,0,0,-0.0005,0.0005,0.0005,-0.0005,0.0005,0.0005,-0.0005,0.0005,0.5,
0.824,0.00025,0.5,0.00025,0.5,-0.0005,0,1000,1000,0,0.5,0,0,-0.0005,0.0005,0.0005,-0.0005,0.0005,0.0005,-0.0005,0.0005,0.5,
0.826,0.00025,0.5,0.00025,0.5,-0.0005,0,1000,1000,0,0.5,0,0,-0.0005,0.0005,0.0005,-0.0005,0.0005,0.0005,-0.0005,0.0005,0.5,
0.828,0.00025,0.5,0.00025,0.5,-0.0005,0,1000,1000,0,0.5,0,0,-0.0005,0.0005,0.0005,-0.0005,0.0005,0.0005,-0.0005,0.0005,0.5,
0.83,0.00025,0.5,0.00025,0.5,-0.0005,0,1000,1000,0,0.5,0,0,-0.0005,0.0005,0.0005,-0.0005,0.0005,0.0005,-0.0005,0.0005,0.5,
0.832,0.00025,0.5,0.00025,0.5,-0.0005,0,1000,1000,0,0.5,0,0,-0.0005,0.0005,0.0005,-0.0005,0.0005,0.0005,-0.0005,0.0005,0.5,
0.834,0.00025,0.5,0.00025,0.5,-0.0005,0,1000,1000,0,0.5,0,0,-0.0005,0.0005,0.0005,-0.0005,0.0005,0.0005,-0.0005,0.0005,0.5,
0.836,0.00025,0.5,0.00025,0.5,-0.0005,0,1000,1000,0,0.5,0,0,-0.0005,0.0005,0.0005,-0.0005,0.0005,0.0005,-0.0005,0.0005,0.5,
0.838,0.00025,0.5,0.00025,0.5,-0.0005,0,1000,1000,0,0.5,0,0,-0.0005,0.0005,0.0005,-0.0005,0.0005,0.0005,-0.0005,0.0005,0.5,
0.84,0.00025,0.5,0.00025,0.5,-0.0005,0,1000,1000,0,0.5,0,0,-0.0005,0.0005,0.0005,-0.0005,0.0005,0.0005,-0.0005,0.0005,0.5,
0.842,0.00025,0.5,0.00025,0.5,-0.0005,0,1000,1000,0,0.5,0,0,-0.0005,0.0005,0.0005,-0.0005,0.0005,0.0005,-0.0005,0.0005,0.5,
0.844,0.00025,0.5,0.00025,0.5,-0.0005,0,1000,1000,0,0.5,0,0,-0.0005,0.0005,0.0005,-0.0005,0.0005,0.0005,-0.0005,0.0005,0.5,
0.846,0.00025,0.5,0.00025,0.5,-0.0005,0,1000,1000,0,0.5,0,0,-0.0005,0.0005,0.0005,-0.0005,0.0005,0.0005,-0.0005,0.0005,0.5,
0.848,0.00025,0.5,0.00025,0.5,-0.0005,0,1000,1000,0,0.5,0,0,-0.0005,0.0005,0.0005,-0.0005,0.0005,0.0005,-0.0005,0.0005,0.5,
0.85,0.00025,0.5,0.00025,0.5,-0.0005,0,1000,1000,0,0.5,0,0,-0.0005,0.0005,0.0005,-0.0005,0.0005,0.0005,-0.0005,0.0005,0.5,
0.852,0.00025,0.5,0.00025,0.5,-0.0005,0,1000,1000,0,0.5,0,0,-0.0005,0.0005,0.0005,-0.0005,0.0005,0.0005,-0.0005,0.0005,0.5,
0.854,0.00025,0.5,0.00025,0.5,-0.0005,0,1000,1000,0,0.5,0,0,-0.0005,0.0005,0.0005,-0.0005,0.0005,0.0005,-0.0005,0.0005,0.5,
0.856,0.00025,0.5,0.00025,0.5,-0.0005,0,1000,1000,0,0.5,0,0,-0.0005,0.0005,0.0005,-0.0005,0.0005,0.0005,-0.0005,0.0005,0.5,
0.858,0.00025,0.5,0.00025,0.5,-0.0005,0,1000,1000,0,0.5,0,0,-0.0005,0.0005,0.0005,-0.0005,0.0005,0.0005,-0.0005,0.0005,0.5,
0.86,0.00025,0.5,0.00025,0.5,-0.0005,0,1000,1000,0,0.5,0,0,-0.0005,0.0005,0.0005,-0.0005,0.0005,0.0005,-0.0005,0.0005,0.5,
0.862,0.00025,0.5,0.00025,0.5,-0.0005,0,1000,1000,0,0.5,0,0,-0.0005,0.0005,0.0005,-0.0005,0.0005,0.0005,-0.0005,0.0005,0.5,
0.864,0.00025,0.5,0.00025,0.5,-0.0005,0,1000,1000,0,0.5,0,0,-0.0005,0.0005,0.0005,-0.0005,0.0005,0.0005,-0.0005,0.0005,0.5,
0.866,0.00025,0.5,0.00025,0.5,-0.0005,0,1000,1000,0,0.5,0,0,-0.0005,0.0005,0.0005,-0.0005,0.0005,0.0005,-0.0005,0.0005,0.5,
0.868,0.00025,0.5,0.00025,0.5,-0.0005,0,1000,1000,0,0.5,0,0,-0.0005,0.0005,0.0005,-0.0005,0.0005,0.0005,-0.0005,0.0005,0.5,
0.87,0.00025,0.5,0.00025,0.5,-0.0005,0,1000,1000,0,0.5,0,0,-0.0005,0.0005,0.0005,-0.0005,0.0005,0.0005,-0.0005,0.0005,0.5,
0.872,0.00025,0.5,0.00025,0.5,-0.0005,0,1000,1000,0,0.5,0,0,-0.0005,0.0005,0.0005,-0.0005,0.0005,0.0005,-0.0005,0.0005,0.5,
0.874,0.00025,0.5,0.00025,0.5,-0.0005,0,1000,1000,0,0.5,0,0,-0.0005,0.0005,0.0005,-0.0005,0.0005,0.0005,-0.0005,0.0005,0.5,
0.876,0.00025,0.5,0.00025,0.5,-0.0005,0,1000,1000,0,0.5,0,0,-0.0005,0.0005,0.0005,-0.0005,0.0005,0.0005,-0.0005,0.0005,0.5,
0.878,0.00025,0.5,0.00025,0.5,-0.0005,0,1000,1000,0,0.5,0,0,-0.0005,0.0005,0.0005,-0.0005,0.0005,0.0005,-0.0005,0.0005,0.5,
0.88,0.00025,0.5,0.00025,0.5,-0.0005,0,1000,1000,0,0.5,0,0,-0.0005,0.0005,0.0005,-0.0005,0.0005,0.0005,-0.0005,0.0005,0.5,
0.882,0.00025,0.5,0.00025,0.5,-0.0005,0,1000,1000,0,0.5,0,0,-0.0005,0.0005,0.0005,-0.0005,0.0005,0.0005,-0.0005,0.0005,0.5,
0.884,0.00025,0.5,0.00025,0.5,-0.0005,0,1000,1000,0,0.5,0,0,-0.0005,0.0005,0.0005,-0.0005,0.0005,0.0005,-0.0005,0.0005,0.5,
0.886,0.00025,0.5,0.00025,0.5,-0.0005,0,1000,1000,0,0.5,0,0,-0.0005,0.0005,0.0005,-0.0005,0.0005,0.0005,-0.0005,0.0005,0.5,
0.888,0.00025,0.5,0.00025,0.5,-0.0005,0,1000,1000,0,0.5,0,0,-0.0005,0.0005,0.0005,-0.0005,0.0005,0.0005,-0.0005,0.0005,0.5,
0.89,0.00025,0.5,0.00025,0.5,-0.0005,0,1000,1000,0,0.5,0,0,-0.0005,0.0005,0.0005,-0.0005,0.0005,0.0005,-0.0005,0.0005,0.5,
0.892,0.00025,0.5,0.00025,0.5,-0.0005,0,1000,1000,0,0.5,0,0,-0.0005,0.0005,0.0005,-0.0005,0.0005,0.0005,-0.0005,0.0005,0.5,
0.894,0.00025,0.5,0.00025,0.5,-0.0005,0,1000,1000,0,0.5,0,0,-0.0005,0.0005,0.0005,-0.0005,0.0005,0.0005,-0.0005,0.0005,0.5,
0.896,0.00025,0.5,0.00025,0.5,-0.0005,0,1000,1000,0,0.5,0,0,-0.0005,0.0005,0.0005,-0.0005,0.0005,0.0005,-0.0005,0.0005,0.5,
0.898,0.00025,0.5,0.00025,0.5,-0.0005,0,1000,1000,0,0.5,0,0,-0.0005,0.0005,0.0005,-0.0005,0.0005,0.0005,-0.0005,0.0005,0.5,
0.9,0.00025,0.5,0.00025,0.5,-0.0005,0,1000,1000,0,0.5,0,0,-0.0005,0.0005,0.0005,-0.0005,0.0005,0.0005,-0.0005,0.0005,0.5,
0.902,0.00025,0.5,0.00025,0.5,-0.0005,0,1000,1000,0,0.5,0,0,-0.0005,0.0005,0.0005,-0.0005,0.0005,0.0005,-0.0005,0.0005,0.5,
0.904,0.00025,0.5,0.00025,0.5,-0.0005,0,1000,1000,0,0.5,0,0,-0.0005,0.0005,0.0005,-0.0005,0.0005,0.0005,-0.0005,0.0005,0.5,
0.906,0.00025,0.5,0.00025,0.5,-0.0005,0,1000,1000,0,0.5,0,0,-0.0005,0.0005,0.0005,-0.0005,0.0005,0.0005,-0.0005,0.0005,0.5,
0.908,0.00025,0.5,0.00025,0.5,-0.0005,0,1000,1000,0,0.5,0,0,-0.0005,0.0005,0.0005,-0.0005,0.0005,0.0005,-0.0005,0.0005,0.5,
0.91,0.00025,0.5,0.00025,0.5,-0.0005,0,1000,1000,0,0.5,0,0,-0.0005,0.0005,0.0005,-0.0005,0.0005,0.0005,-0.0005,0.0005,0.5,
0.912,0.00025,0.5,0.00025,0.5,-0.0005,0,1000,1000,0,0.5,0,0,-0.0005,0.0005,0.0005,-0.0005,0.0005,0.0005,-0.0005,0.0005,0.5,
0.914,0.00025,0.5,0.00025,0.5,-0.0005,0,1000,1000,0,0.5,0,0,-0.0005,0.0005,0.0005,-0.0005,0.0005,0.0005,-0.0005,0.0005,0.5,
0.916,0.00025,0.5,0.00025,0.5,-0.0005,0,1000,1000,0,0.5,0,0,-0.0005,0.0005,0.0005,-0.0005,0.0005,0.0005,-0.0005,0.0005,0.5,
0.918,0.00025,0.5,0.00025,0.5,-0.0005,0,1000,1000,0,0.5,0,0,-0.0005,0.0005,0.0005,-0.0005,0.0005,0.0005,-0.0005,0.0005,0.5,
0.92,0.00025,0.5,0.00025,0.5,-0.0005,0,1000,1000,0,0.5,0,0,-0.0005,0.0005,0.0005,-0.0005,0.0005,0.0005,-0.0005,0.0005,0.5,
0.922,0.00025,0.5,0.00025,0.5,-0.0005,0,1000,1000,0,0.5,0,0,-0.0005,0.0005,0.0005,-0.0005,0.0005,0.0005,-0.0005,0.0005,0.5,
0.924,0.00025,0.5,0.00025,0.5,-0.0005,0,1000,1000,0,0.5,0,0,-0.0005,0.0005,0.0005,-0.0005,0.0005,0.0005,-0.0005,0.0005,0.5,
0.926,0.00025,0.5,0.00025,0.5,-0.0005,0,1000,1000,0,0.5,0,0,-0.0005,0.0005,0.0005,-0.0005,0.0005,0.0005,-0.0005,0.0005,0.5,
0.928,0.00025,0.5,0.00025,0.5,-0.0005,0,1000,1000,0,0.5,0,0,-0.0005,0.0005,0.0005,-0.0005,0.0005,0.0005,-0.0005,0.0005,0.5,
0.93,0.00025,0.5,0.00025,0.5,-0.0005,0,1000,1000,0,0.5,0,0,-0.0005,0.0005,0.0005,-0.0005,0.0005,0.0005,-0.0005,0.0005,0.5,
0.9320000000000001,0.00025,0.5,0.00025,0.5,-0.0005,0,1000,1000,0,0.5,0,0,-0.0005,0.0005,0.0005,-0.0005,0.0005,0.0005,-0.0005,0.0005,0.5,
0.9340000000000001,0.00025,0.5,0.00025,0.5,-0.0005,0,1000,1000,0,0.5,0,0,-0.0005,0.0005,0.0005,-0.0005,0.0005,0.0005,-0.0005,0.0005,0.5,
0.9360000000000001,0.00025,0.5,0.00025,0.5,-0.0005,0,1000,1000,0,0.5,0,0,-0.0005,0.0005,0.0005,-0.0005,0.0005,0.0005,-0.0005,0.0005,0.5,
0.9379999999999999,0.00025,0.5,0.00025,0.5,-0.0005,0,1000,1000,0,0.5,0,0,-0.0005,0.0005,0.0005,-0.0005,0.0005,0.0005,-0.0005,0.0005,0.5,
0.9399999999999999,0.00025,0.5,0.00025,0.5,-0.0005,0,1000,1000,0,0.5,0,0,-0.0005,0.0005,0.0005,-0.0005,0.0005,0.0005,-0.0005,0.0005,0.5,
0.9419999999999999,0.00025,0.5,0.00025,0.5,-0.0005,0,1000,1000,0,0.5,0,0,-0.0005,0.0005,0.0005,-0.0005,0.0005,0.0005,-0.0005,0.0005,0.5,
0.944,0.00025,0.5,0.00025,0.5,-0.0005,0,1000,1000,0,0.5,0,0,-0.0005,0.0005,0.0005,-0.0005,0.0005,0.0005,-0.0005,0.0005,0.5,
0.946,0.00025,0.5,0.00025,0.5,-0.0005,0,1000,1000,0,0.5,0,0,-0.0005,0.0005,0.0005,-0.0005,0.0005,0.0005,-0.0005,0.0005,0.5,
0.948,0.00025,0.5,0.00025,0.5,-0.0005,0,1000,1000,0,0.5,0,0,-0.0005,0.0005,0.0005,-0.0005,0.0005,0.0005,-0.0005,0.0005,0.5,
0.95,0.00025,0.5,0.00025,0.5,-0.0005,0,1000,1000,0,0.5,0,0,-0.0005,0.0005,0.0005,-0.0005,0.0005,0.0005,-0.0005,0.0005,0.5,
0.952,0.00025,0.5,0.00025,0.5,-0.0005,0,1000,1000,0,0.5,0,0,-0.0005,0.0005,0.0005,-0.0005,0.0005,0.0005,-0.0005,0.0005,0.5,
0.954,0.00025,0.5,0.00025,0.5,-0.0005,0,1000,1000,0,0.5,0,0,-0.0005,0.0005,0.0005,-0.0005,0.0005,0.0005,-0.0005,0.0005,0.5,
0.956,0.00025,0.5,0.00025,0.5,-0.0005,0,1000,1000,0,0.5,0,0,-0.0005,0.0005,0.0005,-0.0005,0.0005,0.0005,-0.0005,0.0005,0.5,
0.958,0.00025,0.5,0.00025,0.5,-0.0005,0,1000,1000,0,0.5,0,0,-0.0005,0.0005,0.0005,-0.0005,0.0005,0.0005,-0.0005,0.0005,0.5,
0.96,0.00025,0.5,0.00025,0.5,-0.0005,0,1000,1000,0,0.5,0,0,-0.0005,0.0005,0.0005,-0.0005,0.0005,0.0005,-0.0005,0.0005,0.5,
0.962,0.00025,0.5,0.00025,0.5,-0.0005,0,1000,1000,0,0.5,0,0,-0.0005,0.0005,0.0005,-0.0005,0.0005,0.0005,-0.0005,0.0005,0.5,
0.964,0.00025,0.5,0.00025,0.5,-0.0005,0,1000,1000,0,0.5,0,0,-0.0005,0.0005,0.0005,-0.0005,0.0005,0.0005,-0.0005,0.0005,0.5,
0.966,0.00025,0.5,0.00025,0.5,-0.0005,0,1000,1000,0,0.5,0,0,-0.0005,0.0005,0.0005,-0.0005,0.0005,0.0005,-0.0005,0.0005,0.5,
0.968,0.00025,0.5,0.00025,0.5,-0.0005,0,1000,1000,0,0.5,0,0,-0.0005,0.0005,0.0005,-0.0005,0.0005,0.0005,-0.0005,0.0005,0.5,
0.97,0.00025,0.5,0.00025,0.5,-0.0005,0,1000,1000,0,0.5,0,0,-0.0005,0.0005,0.0005,-0.0005,0.0005,0.0005,-0.0005,0.0005,0.5,
0.972,0.00025,0.5,0.00025,0.5,-0.0005,0,1000,1000,0,0.5,0,0,-0.0005,0.0005,0.0005,-0.0005,0.0005,0.0005,-0.0005,0.0005,0.5,
0.974,0.00025,0.5,0.00025,0.5,-0.0005,0,1000,1000,0,0.5,0,0,-0.0005,0.0005,0.0005,-0.0005,0.0005,0.0005,-0.0005,0.0005,0.5,
0.976,0.00025,0.5,0.00025,0.5,-0.0005,0,1000,1000,0,0.5,0,0,-0.0005,0.0005,0.0005,-0.0005,0.0005,0.0005,-0.0005,0.0005,0.5,
0.978,0.00025,0.5,0.00025,0.5,-0.0005,0,1000,1000,0,0.5,0,0,-0.0005,0.0005,0.0005,-0.0005,0.0005,0.0005,-0.0005,0.0005,0.5,
0.98,0.00025,0.5,0.00025,0.5,-0.0005,0,1000,1000,0,0.5,0,0,-0.0005,0.0005,0.0005,-0.0005,0.0005,0.0005,-0.0005,0.0005,0.5,
0.982,0.00025,0.5,0.00025,0.5,-0.0005,0,1000,1000,0,0.5,0,0,-0.0005,0.0005,0.0005,-0.0005,0.0005,0.0005,-0.0005,0.0005,0.5,
0.984,0.00025,0.5,0.00025,0.5,-0.0005,0,1000,1000,0,0.5,0,0,-0.0005,0.0005,0.0005,-0.0005,0.0005,0.0005,-0.0005,0.0005,0.5,
0.986,0.00025,0.5,0.00025,0.5,-0.0005,0,1000,1000,0,0.5,0,0,-0.0005,0.0005,0.0005,-0.0005,0.0005,0.0005,-0.0005,0.0005,0.5,
0.988,0.00025,0.5,0.00025,0.5,-0.0005,0,1000,1000,0,0.5,0,0,-0.0005,0.0005,0.0005,-0.0005,0.0005,0.0005,-0.0005,0.0005,0.5,
0.99,0.00025,0.5,0.00025,0.5,-0.0005,0,1000,1000,0,0.5,0,0,-0.0005,0.0005,0.0005,-0.0005,0.0005,0.0005,-0.0005,0.0005,0.5,
0.992,0.00025,0.5,0.00025,0.5,-0.0005,0,1000,1000,0,0.5,0,0,-0.0005,0.0005,0.0005,-0.0005,0.0005,0.0005,-0.0005,0.0005,0.5,
0.994,0.00025,0.5,0.00025,0.5,-0.0005,0,1000,1000,0,0.5,0,0,-0.0005,0.0005,0.0005,-0.0005,0.0005,0.0005,-0.0005,0.0005,0.5,
0.996,0.00025,0.5,0.00025,0.5,-0.0005,0,1000,1000,0,0.5,0,0,-0.0005,0.0005,0.0005,-0.0005,0.0005,0.0005,-0.0005,0.0005,0.5,
0.998,0.00025,0.5,0.00025,0.5,-0.0005,0,1000,1000,0,0.5,0,0,-0.0005,0.0005,0.0005,-0.0005,0.0005,0.0005,-0.0005,0.0005,0.5,
1,0.00025,0.5,0.00025,0.5,-0.0005,0,1000,1000,0,0.5,0,0,-0.0005,0.0005,0.0005,-0.0005,0.0005,0.0005,-0.0005,0.0005,0.5,
1,0.00025,0.5,0.00025,0.5,-0.0005,0,1000,1000,0,0.5,0,0,-0.0005,0.0005,0.0005,-0.0005,0.0005,0.0005,-0.0005,0.0005,0.5,
